ID,latitude,longitude,Year of sample,popdef1,popdef2,Sources,Precise location,Notes
M0001,-36.283833,174.794831,2017-2020,Leigh,NZ: Other,NZ collaborators,Leigh,
M0002,-36.283833,174.794831,2017-2020,Leigh,NZ: Other,NZ collaborators,Leigh,
M0003,-36.283833,174.794831,2017-2020,Leigh,NZ: Other,NZ collaborators,Leigh,
M0004,-36.283833,174.794831,2017-2020,Leigh,NZ: Other,NZ collaborators,Leigh,
M0005,-36.283833,174.794831,2017-2020,Leigh,NZ: Other,NZ collaborators,Leigh,
M0006,-36.283833,174.794831,2017-2020,Leigh,NZ: Other,NZ collaborators,Leigh,
M0007,-36.283833,174.794831,2017-2020,Leigh,NZ: Other,NZ collaborators,Leigh,
M0008,-36.283833,174.794831,2017-2020,Leigh,NZ: Other,NZ collaborators,Leigh,
M0009,-36.283833,174.794831,2017-2020,Leigh,NZ: Other,NZ collaborators,Leigh,
M0010,-36.283833,174.794831,2017-2020,Leigh,NZ: Other,NZ collaborators,Leigh,
M0011,-36.283833,174.794831,2017-2020,Leigh,NZ: Other,NZ collaborators,Leigh,
M0012,-36.283833,174.794831,2017-2020,Leigh,NZ: Other,NZ collaborators,Leigh,
M0013,-36.283833,174.794831,2017-2020,Leigh,NZ: Other,NZ collaborators,Leigh,
M0014,-36.283833,174.794831,2017-2020,Leigh,NZ: Other,NZ collaborators,Leigh,
M0015,-36.283833,174.794831,2017-2020,Leigh,NZ: Other,NZ collaborators,Leigh,
M0016,-36.283833,174.794831,2017-2020,Leigh,NZ: Other,NZ collaborators,Leigh,
M0017,-36.283833,174.794831,2017-2020,Leigh,NZ: Other,NZ collaborators,Leigh,
M0018,-36.283833,174.794831,2017-2020,Leigh,NZ: Other,NZ collaborators,Leigh,
M0019,-36.283833,174.794831,2017-2020,Leigh,NZ: Other,NZ collaborators,Leigh,
M0020,-36.283833,174.794831,2017-2020,Leigh,NZ: Other,NZ collaborators,Leigh,
M0021,-36.283833,174.794831,2017-2020,Leigh,NZ: Other,NZ collaborators,Leigh,
M0022,-36.283833,174.794831,2017-2020,Leigh,NZ: Other,NZ collaborators,Leigh,
M0023,-36.283833,174.794831,2017-2020,Leigh,NZ: Other,NZ collaborators,Leigh,
M0024,-36.283833,174.794831,2017-2020,Leigh,NZ: Other,NZ collaborators,Leigh,
M0025,-36.283833,174.794831,2017-2020,Leigh,NZ: Other,NZ collaborators,Leigh,
M0026,-36.283833,174.794831,2017-2020,Leigh,NZ: Other,NZ collaborators,Leigh,
M0027,-36.283833,174.794831,2017-2020,Leigh,NZ: Other,NZ collaborators,Leigh,
M0028,-36.283833,174.794831,2017-2020,Leigh,NZ: Other,NZ collaborators,Leigh,
M0029,-36.283833,174.794831,2017-2020,Leigh,NZ: Other,NZ collaborators,Leigh,
M0030,-36.283833,174.794831,2017-2020,Leigh,NZ: Other,NZ collaborators,Leigh,
M0031,-36.283833,174.794831,2017-2020,Leigh,NZ: Other,NZ collaborators,Leigh,
M0032,-36.283833,174.794831,2017-2020,Leigh,NZ: Other,NZ collaborators,Leigh,
M0033,-36.283833,174.794831,2017-2020,Leigh,NZ: Other,NZ collaborators,Leigh,
M0034,-36.283833,174.794831,2017-2020,Leigh,NZ: Other,NZ collaborators,Leigh,
M0035,-36.283833,174.794831,2017-2020,Leigh,NZ: Other,NZ collaborators,Leigh,
M0036,-36.283833,174.794831,2017-2020,Leigh,NZ: Other,NZ collaborators,Leigh,
M0037,-36.283833,174.794831,2017-2020,Leigh,NZ: Other,NZ collaborators,Leigh,
M0038,-36.283833,174.794831,2017-2020,Leigh,NZ: Other,NZ collaborators,Leigh,
M0039,-36.283833,174.794831,2017-2020,Leigh,NZ: Other,NZ collaborators,Leigh,
M0040,-36.283833,174.794831,2017-2020,Leigh,NZ: Other,NZ collaborators,Leigh,
M0041,-36.283833,174.794831,2017-2020,Leigh,NZ: Other,NZ collaborators,Leigh,
M0042,-36.283833,174.794831,2017-2020,Leigh,NZ: Other,NZ collaborators,Leigh,
M0043,-36.283833,174.794831,2017-2020,Leigh,NZ: Other,NZ collaborators,Leigh,
M0044,-36.283833,174.794831,2017-2020,Leigh,NZ: Other,NZ collaborators,Leigh,
M0045,-36.283833,174.794831,2017-2020,Leigh,NZ: Other,NZ collaborators,Leigh,
M0046,-36.283833,174.794831,2017-2020,Leigh,NZ: Other,NZ collaborators,Leigh,
M0047,-36.283833,174.794831,2017-2020,Leigh,NZ: Other,NZ collaborators,Leigh,
M0048,-36.283833,174.794831,2017-2020,Leigh,NZ: Other,NZ collaborators,Leigh,Same individual as M0188. Removed
M0049,-36.283833,174.794831,2017-2020,Leigh,NZ: Other,NZ collaborators,Leigh,Same individual as M0092
M0050,-36.283833,174.794831,2017-2020,Leigh,NZ: Other,NZ collaborators,Leigh,
M0051,-36.283833,174.794831,2017-2020,Leigh,NZ: Other,NZ collaborators,Leigh,
M0052,-36.283833,174.794831,2017-2020,Leigh,NZ: Other,NZ collaborators,Leigh,
M0053,-36.283833,174.794831,2017-2020,Leigh,NZ: Other,NZ collaborators,Leigh,
M0054,-35.634802,174.494245,2017-2020,Ngunguru,NZ: Other,NZ collaborators,Ngunguru,
M0055,-35.634802,174.494245,2017-2020,Ngunguru,NZ: Other,NZ collaborators,Ngunguru,
M0056,-35.634802,174.494245,2017-2020,Ngunguru,NZ: Other,NZ collaborators,Ngunguru,
M0057,-35.634802,174.494245,2017-2020,Ngunguru,NZ: Other,NZ collaborators,Ngunguru,
M0058,-35.634802,174.494245,2017-2020,Ngunguru,NZ: Other,NZ collaborators,Ngunguru,
M0059,-35.634802,174.494245,2017-2020,Ngunguru,NZ: Other,NZ collaborators,Ngunguru,
M0060,-35.634802,174.494245,2017-2020,Ngunguru,NZ: Other,NZ collaborators,Ngunguru,
M0061,-35.634802,174.494245,2017-2020,Ngunguru,NZ: Other,NZ collaborators,Ngunguru,
M0062,-35.634802,174.494245,2017-2020,Ngunguru,NZ: Other,NZ collaborators,Ngunguru,
M0063,-35.634802,174.494245,2017-2020,Ngunguru,NZ: Other,NZ collaborators,Ngunguru,
M0064,-35.634802,174.494245,2017-2020,Ngunguru,NZ: Other,NZ collaborators,Ngunguru,
M0065,-35.634802,174.494245,2017-2020,Ngunguru,NZ: Other,NZ collaborators,Ngunguru,
M0066,-35.634802,174.494245,2017-2020,Ngunguru,NZ: Other,NZ collaborators,Ngunguru,
M0067,-35.634802,174.494245,2017-2020,Ngunguru,NZ: Other,NZ collaborators,Ngunguru,
M0068,-35.634802,174.494245,2017-2020,Ngunguru,NZ: Other,NZ collaborators,Ngunguru,
M0069,-35.634802,174.494245,2017-2020,Ngunguru,NZ: Other,NZ collaborators,Ngunguru,
M0070,-35.634802,174.494245,2017-2020,Ngunguru,NZ: Other,NZ collaborators,Ngunguru,
M0071,-35.634802,174.494245,2017-2020,Ngunguru,NZ: Other,NZ collaborators,Ngunguru,
M0072,-35.634802,174.494245,2017-2020,Ngunguru,NZ: Other,NZ collaborators,Ngunguru,
M0073,-35.634802,174.494245,2017-2020,Ngunguru,NZ: Other,NZ collaborators,Ngunguru,
M0074,-35.634802,174.494245,2017-2020,Ngunguru,NZ: Other,NZ collaborators,Ngunguru,
M0075,-35.634802,174.494245,2017-2020,Ngunguru,NZ: Other,NZ collaborators,Ngunguru,
M0076,-35.634802,174.494245,2017-2020,Ngunguru,NZ: Other,NZ collaborators,Ngunguru,
M0077,-35.634802,174.494245,2017-2020,Ngunguru,NZ: Other,NZ collaborators,Ngunguru,
M0078,-35.634802,174.494245,2017-2020,Ngunguru,NZ: Other,NZ collaborators,Ngunguru,
M0079,-35.634802,174.494245,2017-2020,Ngunguru,NZ: Other,NZ collaborators,Ngunguru,
M0080,-35.634802,174.494245,2017-2020,Ngunguru,NZ: Other,NZ collaborators,Ngunguru,
M0081,-35.634802,174.494245,2017-2020,Ngunguru,NZ: Other,NZ collaborators,Ngunguru,Same individual as M0093
M0082,-35.634802,174.494245,2017-2020,Ngunguru,NZ: Other,NZ collaborators,Ngunguru,
M0083,-35.634802,174.494245,2017-2020,Ngunguru,NZ: Other,NZ collaborators,Ngunguru,
M0084,-35.634802,174.494245,2017-2020,Ngunguru,NZ: Other,NZ collaborators,Ngunguru,
M0085,-35.634802,174.494245,2017-2020,Ngunguru,NZ: Other,NZ collaborators,Ngunguru,
M0086,-35.634802,174.494245,2017-2020,Ngunguru,NZ: Other,NZ collaborators,Ngunguru,
M0087,-35.634802,174.494245,2017-2020,Ngunguru,NZ: Other,NZ collaborators,Ngunguru,
M0088,-35.634802,174.494245,2017-2020,Ngunguru,NZ: Other,NZ collaborators,Ngunguru,
M0089,-35.634802,174.494245,2017-2020,Ngunguru,NZ: Other,NZ collaborators,Ngunguru,
M0090,-35.634802,174.494245,2017-2020,Ngunguru,NZ: Other,NZ collaborators,Ngunguru,
M0091,-35.634802,174.494245,2017-2020,Ngunguru,NZ: Other,NZ collaborators,Ngunguru,
M0092,-36.283833,174.794831,2017-2020,Leigh,NZ: Other,NZ collaborators,Leigh,Same individual as M0049. Removed
M0093,-35.634802,174.494245,2017-2020,Ngunguru,NZ: Other,NZ collaborators,Ngunguru,Same individual as M0081. Removed
M0094,-36.558023,174.32852,2017-2020,Helensville,NZ: Other,NZ collaborators,Helensville,Same individual as M0111. Removed
M0095,-36.558023,174.32852,2017-2020,Helensville,NZ: Other,NZ collaborators,Helensville,
M0096,-36.558023,174.32852,2017-2020,Helensville,NZ: Other,NZ collaborators,Helensville,
M0097,-36.558023,174.32852,2017-2020,Helensville,NZ: Other,NZ collaborators,Helensville,
M0098,-36.558023,174.32852,2017-2020,Helensville,NZ: Other,NZ collaborators,Helensville,Same individual as M0186
M0099,-36.558023,174.32852,2017-2020,Helensville,NZ: Other,NZ collaborators,Helensville,
M0100,-36.558023,174.32852,2017-2020,Helensville,NZ: Other,NZ collaborators,Helensville,
M0101,-36.558023,174.32852,2017-2020,Helensville,NZ: Other,NZ collaborators,Helensville,
M0102,-36.558023,174.32852,2017-2020,Helensville,NZ: Other,NZ collaborators,Helensville,
M0103,-36.558023,174.32852,2017-2020,Helensville,NZ: Other,NZ collaborators,Helensville,
M0104,-36.558023,174.32852,2017-2020,Helensville,NZ: Other,NZ collaborators,Helensville,
M0105,-36.558023,174.32852,2017-2020,Helensville,NZ: Other,NZ collaborators,Helensville,
M0106,-36.558023,174.32852,2017-2020,Helensville,NZ: Other,NZ collaborators,Helensville,
M0107,-36.558023,174.32852,2017-2020,Helensville,NZ: Other,NZ collaborators,Helensville,"Same individual as M0187, M0370"
M0108,-36.558023,174.32852,2017-2020,Helensville,NZ: Other,NZ collaborators,Helensville,
M0109,-36.558023,174.32852,2017-2020,Helensville,NZ: Other,NZ collaborators,Helensville,
M0110,-36.558023,174.32852,2017-2020,Helensville,NZ: Other,NZ collaborators,Helensville,
M0111,-36.558023,174.32852,2017-2020,Helensville,NZ: Other,NZ collaborators,Helensville,Same individual as M0094
M0112,-36.558023,174.32852,2017-2020,Helensville,NZ: Other,NZ collaborators,Helensville,
M0113,-36.558023,174.32852,2017-2020,Helensville,NZ: Other,NZ collaborators,Helensville,
M0114,-36.558023,174.32852,2017-2020,Helensville,NZ: Other,NZ collaborators,Helensville,
M0115,-36.558023,174.32852,2017-2020,Helensville,NZ: Other,NZ collaborators,Helensville,
M0116,-36.558023,174.32852,2017-2020,Helensville,NZ: Other,NZ collaborators,Helensville,
M0117,-36.558023,174.32852,2017-2020,Helensville,NZ: Other,NZ collaborators,Helensville,
M0118,-36.558023,174.32852,2017-2020,Helensville,NZ: Other,NZ collaborators,Helensville,
M0119,-36.558023,174.32852,2017-2020,Helensville,NZ: Other,NZ collaborators,Helensville,
M0120,-36.558023,174.32852,2017-2020,Helensville,NZ: Other,NZ collaborators,Helensville,
M0121,-36.257,175.4349646,2017-2020,Great Barrier Island,NZ: Other,NZ collaborators,Great Barrier Island,
M0122,-36.257,175.4349646,2017-2020,Great Barrier Island,NZ: Other,NZ collaborators,Great Barrier Island,
M0123,-36.257,175.4349646,2017-2020,Great Barrier Island,NZ: Other,NZ collaborators,Great Barrier Island,
M0124,-36.257,175.4349646,2017-2020,Great Barrier Island,NZ: Other,NZ collaborators,Great Barrier Island,
M0125,-36.257,175.4349646,2017-2020,Great Barrier Island,NZ: Other,NZ collaborators,Great Barrier Island,
M0126,-36.257,175.4349646,2017-2020,Great Barrier Island,NZ: Other,NZ collaborators,Great Barrier Island,
M0127,-36.257,175.4349646,2017-2020,Great Barrier Island,NZ: Other,NZ collaborators,Great Barrier Island,
M0128,-36.257,175.4349646,2017-2020,Great Barrier Island,NZ: Other,NZ collaborators,Great Barrier Island,
M0129,-36.257,175.4349646,2017-2020,Great Barrier Island,NZ: Other,NZ collaborators,Great Barrier Island,
M0130,-36.257,175.4349646,2017-2020,Great Barrier Island,NZ: Other,NZ collaborators,Great Barrier Island,
M0131,-36.257,175.4349646,2017-2020,Great Barrier Island,NZ: Other,NZ collaborators,Great Barrier Island,
M0132,-36.257,175.4349646,2017-2020,Great Barrier Island,NZ: Other,NZ collaborators,Great Barrier Island,
M0133,-36.257,175.4349646,2017-2020,Great Barrier Island,NZ: Other,NZ collaborators,Great Barrier Island,
M0134,-36.257,175.4349646,2017-2020,Great Barrier Island,NZ: Other,NZ collaborators,Great Barrier Island,
M0135,-36.257,175.4349646,2017-2020,Great Barrier Island,NZ: Other,NZ collaborators,Great Barrier Island,
M0136,-36.257,175.4349646,2017-2020,Great Barrier Island,NZ: Other,NZ collaborators,Great Barrier Island,
M0137,-36.257,175.4349646,2017-2020,Great Barrier Island,NZ: Other,NZ collaborators,Great Barrier Island,
M0138,-36.257,175.4349646,2017-2020,Great Barrier Island,NZ: Other,NZ collaborators,Great Barrier Island,
M0139,-36.257,175.4349646,2017-2020,Great Barrier Island,NZ: Other,NZ collaborators,Great Barrier Island,
M0140,-36.257,175.4349646,2017-2020,Great Barrier Island,NZ: Other,NZ collaborators,Great Barrier Island,
M0141,-36.257,175.4349646,2017-2020,Great Barrier Island,NZ: Other,NZ collaborators,Great Barrier Island,
M0142,-36.257,175.4349646,2017-2020,Great Barrier Island,NZ: Other,NZ collaborators,Great Barrier Island,
M0143,-36.257,175.4349646,2017-2020,Great Barrier Island,NZ: Other,NZ collaborators,Great Barrier Island,
M0144,-37.131263,175.536977,2017-2020,Thames,NZ: Other,NZ collaborators,Thames,
M0145,-37.131263,175.536977,2017-2020,Thames,NZ: Other,NZ collaborators,Thames,
M0146,-37.131263,175.536977,2017-2020,Thames,NZ: Other,NZ collaborators,Thames,
M0147,-37.131263,175.536977,2017-2020,Thames,NZ: Other,NZ collaborators,Thames,
M0148,-37.131263,175.536977,2017-2020,Thames,NZ: Other,NZ collaborators,Thames,
M0149,-37.131263,175.536977,2017-2020,Thames,NZ: Other,NZ collaborators,Thames,
M0150,-37.131263,175.536977,2017-2020,Thames,NZ: Other,NZ collaborators,Thames,
M0151,-39.371174,176.81165,2017-2020,Napier,NZ: Napier,NZ collaborators,Napier,
M0152,-39.371174,176.81165,2017-2020,Napier,NZ: Napier,NZ collaborators,Napier,
M0153,-39.371174,176.81165,2017-2020,Napier,NZ: Napier,NZ collaborators,Napier,
M0154,-39.371174,176.81165,2017-2020,Napier,NZ: Napier,NZ collaborators,Napier,
M0155,-39.371174,176.81165,2017-2020,Napier,NZ: Napier,NZ collaborators,Napier,
M0156,-39.371174,176.81165,2017-2020,Napier,NZ: Napier,NZ collaborators,Napier,
M0157,-39.371174,176.81165,2017-2020,Napier,NZ: Napier,NZ collaborators,Napier,
M0158,-39.371174,176.81165,2017-2020,Napier,NZ: Napier,NZ collaborators,Napier,
M0159,-39.371174,176.81165,2017-2020,Napier,NZ: Napier,NZ collaborators,Napier,
M0160,-39.371174,176.81165,2017-2020,Napier,NZ: Napier,NZ collaborators,Napier,
M0161,-36.848208,174.503576,2017-2020,Waitakeres,NZ: Other,NZ collaborators,Waitakeres,
M0162,-36.848208,174.503576,2017-2020,Waitakeres,NZ: Other,NZ collaborators,Waitakeres,
M0163,-36.848208,174.503576,2017-2020,Waitakeres,NZ: Other,NZ collaborators,Waitakeres,
M0164,-36.848208,174.503576,2017-2020,Waitakeres,NZ: Other,NZ collaborators,Waitakeres,
M0165,-36.848208,174.503576,2017-2020,Waitakeres,NZ: Other,NZ collaborators,Waitakeres,
M0166,-36.848208,174.503576,2017-2020,Waitakeres,NZ: Other,NZ collaborators,Waitakeres,
M0167,-36.848208,174.503576,2017-2020,Waitakeres,NZ: Other,NZ collaborators,Waitakeres,
M0168,-36.848208,174.503576,2017-2020,Waitakeres,NZ: Other,NZ collaborators,Waitakeres,
M0169,-36.848208,174.503576,2017-2020,Waitakeres,NZ: Other,NZ collaborators,Waitakeres,
M0170,-36.848208,174.503576,2017-2020,Waitakeres,NZ: Other,NZ collaborators,Waitakeres,
M0171,-36.848208,174.503576,2017-2020,Waitakeres,NZ: Other,NZ collaborators,Waitakeres,
M0172,-36.848208,174.503576,2017-2020,Waitakeres,NZ: Other,NZ collaborators,Waitakeres,
M0173,-36.848208,174.503576,2017-2020,Waitakeres,NZ: Other,NZ collaborators,Waitakeres,
M0174,-36.848208,174.503576,2017-2020,Waitakeres,NZ: Other,NZ collaborators,Waitakeres,
M0175,-36.9223,174.7838,2017-2020,Auckland,NZ: Other,NZ collaborators,Onehunga,
M0176,-35.634802,174.494245,2017-2020,Ngunguru,NZ: Other,NZ collaborators,Ngunguru,
M0177,-35.634802,174.494245,2017-2020,Ngunguru,NZ: Other,NZ collaborators,Ngunguru,
M0178,-36.8,175.1,2017-2020,Waiheke,NZ: Other,NZ collaborators,Waiheke,
M0179,-36.8,175.1,2017-2020,Waiheke,NZ: Other,NZ collaborators,Waiheke,
M0180,-36.8,175.1,2017-2020,Waiheke,NZ: Other,NZ collaborators,Waiheke,
M0181,-36.8,175.1,2017-2020,Waiheke,NZ: Other,NZ collaborators,Waiheke,
M0182,-36.8,175.1,2017-2020,Waiheke,NZ: Other,NZ collaborators,Waiheke,
M0183,-35.634802,174.494245,2017-2020,Ngunguru,NZ: Other,NZ collaborators,Ngunguru,
M0184,-35.634802,174.494245,2017-2020,Ngunguru,NZ: Other,NZ collaborators,Ngunguru,
M0185,-35.634802,174.494245,2017-2020,Ngunguru,NZ: Other,NZ collaborators,Ngunguru,
M0186,-36.558023,174.32852,2017-2020,Helensville,NZ: Other,NZ collaborators,Helensville,Same individual as M0098. Removed
M0187,-36.558023,174.32852,2017-2020,Helensville,NZ: Other,NZ collaborators,Helensville,"Same individual as M0107, M0370. Removed"
M0188,-36.283833,174.794831,2017-2020,Leigh,NZ: Other,NZ collaborators,Leigh,Same individual as M0048
M0189,21.40222222,-157.7394444,1982,Hawaii,Hawaii,ROM,"5.7 km W Kailua, Oahu Island",
M0190,21.40222222,-157.7394444,1982,Hawaii,Hawaii,ROM,"5.7 km W Kailua, Oahu Island",
M0191,21.40222222,-157.7394444,1982,Hawaii,Hawaii,ROM,"5.7 km W Kailua, Oahu Island",
M0192,21.40222222,-157.7394444,1982,Hawaii,Hawaii,ROM,"5.7 km W Kailua, Oahu Island",
M0193,21.40222222,-157.7394444,1982,Hawaii,Hawaii,ROM,"5.7 km W Kailua, Oahu Island",
M0194,22.05222222,-159.3377778,1982,Hawaii,Hawaii,ROM,"Waialua, Waialua Sugar, Oahu Island",
M0195,22.05222222,-159.3377778,1982,Hawaii,Hawaii,ROM,"Waialua, Waialua Sugar, Oahu Island",
M0196,21.40222222,-157.7394444,1982,Hawaii,Hawaii,ROM,"5.7 km W Kailua, Oahu Island",
M0197,21.40222222,-157.7394444,1982,Hawaii,Hawaii,ROM,"5.7 km W Kailua, Oahu Island",
M0198,21.40222222,-157.7394444,1982,Hawaii,Hawaii,ROM,"5.7 km W Kailua, Oahu Island",
M0199,-18.13333333,178.4166667,1983,Fiji,Fiji,ROM,"Lami Dump, Viti Levu",
M0200,-18.13333333,178.4166667,1983,Fiji,Fiji,ROM,"Lami Dump, Viti Levu",
M0201,-18.13333333,178.4166667,1983,Fiji,Fiji,ROM,"Lami Dump, Viti Levu",
M0202,-18.13333333,178.4166667,1983,Fiji,Fiji,ROM,"Lami Dump, Viti Levu",
M0203,-18.13333333,178.4166667,1983,Fiji,Fiji,ROM,"Lami Dump, Viti Levu",
M0204,-18.13333333,178.4166667,1983,Fiji,Fiji,ROM,"Lami Dump, Viti Levu",
M0205,-18.13333333,178.4166667,1983,Fiji,Fiji,ROM,"Lami Dump, Viti Levu",
M0206,-18.13333333,178.4166667,1983,Fiji,Fiji,ROM,"Lami Dump, Viti Levu",
M0207,-18.13333333,178.4166667,1983,Fiji,Fiji,ROM,"Lami Dump, Viti Levu",
M0208,-18.13333333,178.4166667,1983,Fiji,Fiji,ROM,"Lami Dump, Viti Levu","Filtered out in DArT dataset only, due to outlier heterozygousity levels. Not observed as outlier in STACKS and BCFtools dataset."
M0209,18.93333333,72.85,1975,Maharashtra,IND: Other,ROM,"Shil, Thane dist",
M0210,18.93333333,72.85,1975,Maharashtra subpopulation A,IND: Maharashtra subpopulation A,ROM,"Shil, Thane dist",
M0211,18.93333333,72.85,1975,Maharashtra subpopulation A,IND: Maharashtra subpopulation A,ROM,"Shil, Thane dist",
M0212,18.93333333,72.85,1975,Maharashtra subpopulation A,IND: Maharashtra subpopulation A,ROM,"Shil, Thane dist",
M0213,18.93333333,72.85,1975,Maharashtra subpopulation A,IND: Maharashtra subpopulation A,ROM,"Shil, Thane dist",
M0214,18.93333333,72.85,1975,Maharashtra subpopulation A,IND: Maharashtra subpopulation A,ROM,"Shil, Thane dist",
M0215,18.93333333,72.85,1975,Maharashtra subpopulation A,IND: Maharashtra subpopulation A,ROM,"Shil, Thane dist",
M0216,-37.81916667,144.9741667,1983,Melbourne (ROM),AUS: Melbourne,ROM,"Melbourne, Nunawading Recycling Centre",Same individual as M0280
M0217,-37.81916667,144.9741667,1983,Melbourne (ROM),AUS: Melbourne,ROM,"Melbourne, Nunawading Recycling Centre",
M0218,-37.81916667,144.9741667,1983,Melbourne (ROM),AUS: Melbourne,ROM,"Melbourne, Nunawading Recycling Centre",
M0219,-37.81916667,144.9741667,1983,Melbourne (ROM),AUS: Melbourne,ROM,"Melbourne, Nunawading Recycling Centre",
M0220,18.93333333,72.85,1975,Maharashtra,IND: Other,ROM,"Shil, Thane dist",
M0221,-37.81916667,144.9741667,1983,Melbourne (ROM),AUS: Melbourne,ROM,"Melbourne, Nunawading Recycling Centre",
M0222,-37.81916667,144.9741667,1983,Melbourne (ROM),AUS: Melbourne,ROM,"Melbourne, Nunawading Recycling Centre",
M0223,-37.81916667,144.9741667,1983,Melbourne (ROM),AUS: Melbourne,ROM,"Melbourne, Nunawading Recycling Centre",
M0224,-37.81916667,144.9741667,1983,Melbourne (ROM),AUS: Melbourne,ROM,"Melbourne, Nunawading Recycling Centre",
M0225,-33.86666667,151.2,1983,Sydney (ROM),AUS: Sydney,ROM,Sydney,
M0226,-33.86666667,151.2,1983,Sydney (ROM),AUS: Sydney,ROM,Sydney,
M0227,-33.86666667,151.2,1983,Sydney (ROM),AUS: Sydney,ROM,Sydney,
M0228,-33.86666667,151.2,1983,Sydney (ROM),AUS: Sydney,ROM,Sydney,
M0229,-33.86666667,151.2,1983,Sydney (ROM),AUS: Sydney,ROM,Sydney,
M0230,-33.86666667,151.2,1983,Sydney (ROM),AUS: Sydney,ROM,Sydney,
M0231,-33.86666667,151.2,1983,Sydney (ROM),AUS: Sydney,ROM,Sydney,
M0232,-33.86666667,151.2,1983,Sydney (ROM),AUS: Sydney,ROM,Sydney,
M0233,-33.86666667,151.2,1983,Sydney (ROM),AUS: Sydney,ROM,Sydney,
M0234,-33.86666667,151.2,1983,Sydney (ROM),AUS: Sydney,ROM,Sydney,
M0235,-33.86666667,151.2,1983,Sydney (ROM),AUS: Sydney,ROM,Sydney,
M0236,-33.86666667,151.2,1983,Sydney (ROM),AUS: Sydney,ROM,Sydney,Same individual as M0237
M0237,-33.86666667,151.2,1983,Sydney (ROM),AUS: Sydney,ROM,Sydney,Same individual as M0236. Removed
M0238,23.05,72.66666667,1975,Gujarat,IND: Other,ROM,Ahmedabad,
M0239,-33.86666667,151.2,1983,Sydney (ROM),AUS: Sydney,ROM,Sydney,
M0240,-33.86666667,151.2,1983,Sydney (ROM),AUS: Sydney,ROM,Sydney,
M0241,-33.86666667,151.2,1983,Sydney (ROM),AUS: Sydney,ROM,Sydney,
M0242,-33.86666667,151.2,1983,Sydney (ROM),AUS: Sydney,ROM,Sydney,
M0243,-33.86666667,151.2,1983,Sydney (ROM),AUS: Sydney,ROM,Sydney,
M0244,-33.86666667,151.2,1983,Sydney (ROM),AUS: Sydney,ROM,Sydney,
M0245,22.58333333,88.35,1975,West Bengal,IND: Other,ROM,Kolkata Market,
M0246,22.58333333,88.35,1975,West Bengal,IND: Other,ROM,Kolkata Market,
M0247,22.58333333,88.35,1975,West Bengal,IND: Other,ROM,Kolkata Market,
M0248,22.58333333,88.35,1975,West Bengal,IND: Other,ROM,Kolkata Market,
M0249,22.58333333,88.35,1975,West Bengal,IND: Other,ROM,Kolkata Market,
M0250,22.58333333,88.35,1975,West Bengal,IND: Other,ROM,Kolkata,
M0251,22.58333333,88.35,1975,West Bengal,IND: Other,ROM,Kolkata,
M0252,22.58333333,88.35,1975,West Bengal,IND: Other,ROM,Kolkata,
M0253,20.70694444,-156.1494444,1989,Hawaii,Hawaii,ROM,"1 mi from Hosmais Grove, Haleakala National Park, Stables Headquarters, Maui Island",
M0254,21.28277778,-157.8294444,1986,Hawaii,Hawaii,ROM,"Honolulu, Waikiki, Fort DeRussy, Kalakaua at Lewers, ca 0.5 mi from intersection",
M0255,21.28277778,-157.8294444,1986,Hawaii,Hawaii,ROM,"Honolulu, Waikiki, Fort DeRussy, Kalakaua at Lewers, ca 0.5 mi from intersection",
M0256,-26.16666667,28.03333333,1982,South Africa,South Africa,ROM,Johannesburg Zoo,Same individual as M0281
M0257,-26.16666667,28.03333333,1982,South Africa,South Africa,ROM,Johannesburg Zoo,
M0258,-26.16666667,28.03333333,1982,South Africa,South Africa,ROM,Johannesburg Zoo,
M0259,-26.16666667,28.03333333,1982,South Africa,South Africa,ROM,Johannesburg Zoo,
M0260,-26.16666667,28.03333333,1982,South Africa,South Africa,ROM,Johannesburg Zoo,
M0261,-26.16666667,28.03333333,1982,South Africa,South Africa,ROM,Johannesburg Zoo,
M0262,-26.16666667,28.03333333,1982,South Africa,South Africa,ROM,Johannesburg Zoo,
M0263,-26.16666667,28.03333333,1982,South Africa,South Africa,ROM,Johannesburg Zoo,
M0264,-26.16666667,28.03333333,1982,South Africa,South Africa,ROM,Johannesburg Zoo,
M0265,-26.16666667,28.03333333,1982,South Africa,South Africa,ROM,Johannesburg Zoo,
M0266,20.21666667,85.83333333,1983,Odisha,IND: Other,ROM,Bhubaneswar,
M0267,20.21666667,85.83333333,1983,Odisha,IND: Other,ROM,Bhubaneswar,
M0268,20.21666667,85.83333333,1983,Odisha,IND: Other,ROM,Bhubaneswar,
M0269,20.21666667,85.83333333,1983,Odisha,IND: Other,ROM,Bhubaneswar,
M0270,20.21666667,85.83333333,1983,Odisha,IND: Other,ROM,Bhubaneswar,
M0271,20.21666667,85.83333333,1983,Odisha,IND: Other,ROM,Bhubaneswar,Filtered out due to outlier inbreeding coefficients and heterozygousity levels.
M0272,20.21666667,85.83333333,1983,Odisha,IND: Other,ROM,Bhubaneswar,
M0273,20.21666667,85.83333333,1983,Odisha,IND: Other,ROM,Bhubaneswar,
M0274,17.36666667,78.43333333,1983,Andhra Pradesh,IND: Other,ROM,Hyderabad,
M0275,17.36666667,78.43333333,1983,Andhra Pradesh,IND: Other,ROM,Hyderabad,
M0276,17.36666667,78.43333333,1983,Andhra Pradesh,IND: Other,ROM,Hyderabad,
M0277,17.36666667,78.43333333,1983,Andhra Pradesh,IND: Other,ROM,Hyderabad,
M0278,17.36666667,78.43333333,1983,Andhra Pradesh,IND: Other,ROM,Hyderabad,
M0279,17.36666667,78.43333333,1983,Andhra Pradesh,IND: Other,ROM,Hyderabad,
M0280,-37.81916667,144.9741667,1983,Melbourne (ROM),AUS: Melbourne,ROM,"Melbourne, Nunawading Recycling Centre",Same individual as M0216. Removed
M0281,-26.16666667,28.03333333,1982,South Africa,South Africa,ROM,Johannesburg Zoo,Same individual as M0281. Removed
M0282,-35.4,173.8,1984,Kaikohe (ROM),NZ: Other,ROM,Kaikohe,Same individual as M0340. Removed
M0283,17.36666667,78.43333333,1983,Andhra Pradesh,IND: Other,ROM,Hyderabad,
M0284,17.36666667,78.43333333,1983,Andhra Pradesh,IND: Other,ROM,Hyderabad,
M0285,17.36666667,78.43333333,1983,Andhra Pradesh,IND: Other,ROM,Hyderabad,
M0286,17.36666667,78.43333333,1983,Andhra Pradesh,IND: Other,ROM,Hyderabad,
M0287,12.96666667,77.58333333,1983,Karnataka,IND: Other,ROM,Bangalore,Same individual as M0368
M0288,12.96666667,77.58333333,1983,Karnataka,IND: Other,ROM,Bangalore,
M0289,12.96666667,77.58333333,1983,Karnataka,IND: Other,ROM,Bangalore,
M0290,12.96666667,77.58333333,1983,Karnataka,IND: Other,ROM,Bangalore,
M0291,12.96666667,77.58333333,1983,Karnataka,IND: Other,ROM,Bangalore,
M0292,12.96666667,77.58333333,1983,Karnataka,IND: Other,ROM,Bangalore,
M0293,12.96666667,77.58333333,1983,Karnataka,IND: Other,ROM,Bangalore,
M0294,12.96666667,77.58333333,1983,Karnataka,IND: Other,ROM,Bangalore,
M0295,12.96666667,77.58333333,1983,Karnataka,IND: Other,ROM,Bangalore,
M0296,12.96666667,77.58333333,1983,Karnataka,IND: Other,ROM,Bangalore,
M0297,12.7,80.01666667,1983,Tamil Nadu,IND: Other,ROM,Chengalpattu,
M0298,12.7,80.01666667,1983,Tamil Nadu,IND: Other,ROM,Chengalpattu,
M0299,12.7,80.01666667,1983,Tamil Nadu,IND: Other,ROM,Chengalpattu,
M0300,12.7,80.01666667,1983,Tamil Nadu,IND: Other,ROM,Chengalpattu,
M0301,12.7,80.01666667,1983,Tamil Nadu,IND: Other,ROM,Chengalpattu,
M0302,12.7,80.01666667,1983,Tamil Nadu,IND: Other,ROM,Chengalpattu,
M0303,12.7,80.01666667,1983,Tamil Nadu,IND: Other,ROM,Chengalpattu,Same individual as M0369
M0304,12.7,80.01666667,1983,Tamil Nadu,IND: Other,ROM,Chengalpattu,
M0305,12.7,80.01666667,1983,Tamil Nadu,IND: Other,ROM,Chengalpattu,
M0306,12.7,80.01666667,1983,Tamil Nadu,IND: Other,ROM,Chengalpattu,
M0307,18.93333333,72.85,1983,Maharashtra,IND: Other,ROM,"Shil, Thane dist",
M0308,18.93333333,72.85,1983,Maharashtra,IND: Other,ROM,"Shil, Thane dist",
M0309,18.93333333,72.85,1983,Maharashtra,IND: Other,ROM,"Shil, Thane dist",
M0310,18.93333333,72.85,1983,Maharashtra,IND: Other,ROM,"Shil, Thane dist",
M0311,18.93333333,72.85,1983,Maharashtra,IND: Other,ROM,"Shil, Thane dist",
M0312,26.83333333,80.96666667,1982,Uttar Pradesh,IND: Other,ROM,Lucknow,
M0313,26.83333333,80.96666667,1982,Uttar Pradesh,IND: Other,ROM,Lucknow,
M0314,26.83333333,80.96666667,1982,Uttar Pradesh,IND: Other,ROM,Lucknow,
M0315,26.83333333,80.96666667,1982,Uttar Pradesh,IND: Other,ROM,Lucknow,
M0316,26.83333333,80.96666667,1982,Uttar Pradesh,IND: Other,ROM,Lucknow,
M0317,23.28333333,77.46666667,1982,Madhya Pradesh,IND: Other,ROM,Bhopal,
M0318,23.28333333,77.46666667,1982,Madhya Pradesh,IND: Other,ROM,Bhopal,
M0319,23.28333333,77.46666667,1982,Madhya Pradesh,IND: Other,ROM,Bhopal,
M0320,23.28333333,77.46666667,1982,Madhya Pradesh,IND: Other,ROM,Bhopal,
M0321,23.28333333,77.46666667,1982,Madhya Pradesh,IND: Other,ROM,Bhopal,
M0322,23.28333333,77.46666667,1982,Madhya Pradesh,IND: Other,ROM,Bhopal,
M0323,23.28333333,77.46666667,1982,Madhya Pradesh,IND: Other,ROM,Bhopal,
M0324,23.28333333,77.46666667,1982,Madhya Pradesh,IND: Other,ROM,Bhopal,
M0325,26.83333333,80.96666667,1982,Uttar Pradesh,IND: Other,ROM,Lucknow,
M0326,26.83333333,80.96666667,1982,Uttar Pradesh,IND: Other,ROM,Lucknow,
M0327,26.83333333,80.96666667,1982,Uttar Pradesh,IND: Other,ROM,Lucknow,
M0328,26.83333333,80.96666667,1982,Uttar Pradesh,IND: Other,ROM,Lucknow,
M0329,26.83333333,80.96666667,1982,Uttar Pradesh,IND: Other,ROM,Lucknow,
M0330,-39.5,176.89,1984,Napier (ROM),NZ: Napier,ROM,Napier,
M0331,-39.5,176.89,1984,Napier (ROM),NZ: Napier,ROM,Napier,
M0332,-39.5,176.89,1984,Napier (ROM),NZ: Napier,ROM,Napier,
M0333,-39.5,176.89,1984,Napier (ROM),NZ: Napier,ROM,Napier,
M0334,-39.5,176.89,1984,Napier (ROM),NZ: Napier,ROM,Napier,
M0335,-39.5,176.89,1984,Napier (ROM),NZ: Napier,ROM,Napier,
M0336,-39.5,176.89,1984,Napier (ROM),NZ: Napier,ROM,Napier,
M0337,-39.5,176.89,1984,Napier (ROM),NZ: Napier,ROM,Napier,
M0338,-39.5,176.89,1984,Napier (ROM),NZ: Napier,ROM,Napier,
M0339,-39.5,176.89,1984,Napier (ROM),NZ: Napier,ROM,Napier,
M0340,-35.4,173.8,1984,Kaikohe (ROM),NZ: Other,ROM,Kaikohe,Same individual as M0282
M0341,-35.4,173.8,1984,Kaikohe (ROM),NZ: Other,ROM,Kaikohe,
M0342,-35.4,173.8,1984,Kaikohe (ROM),NZ: Other,ROM,Kaikohe,
M0343,-35.4,173.8,1984,Kaikohe (ROM),NZ: Other,ROM,Kaikohe,
M0344,-35.4,173.8,1984,Kaikohe (ROM),NZ: Other,ROM,Kaikohe,
M0345,-38.69,176.6888889,1984,Taupo (ROM),NZ: Other,ROM,Taupo,
M0346,-38.69,176.6888889,1984,Taupo (ROM),NZ: Other,ROM,Taupo,
M0347,-38.69,176.6888889,1984,Taupo (ROM),NZ: Other,ROM,Taupo,
M0348,-37.78,175.27,1984,Hamilton (ROM),NZ: Other,ROM,Hamilton,
M0349,-37.78,175.27,1984,Hamilton (ROM),NZ: Other,ROM,Hamilton,
M0350,-37.78,175.27,1984,Hamilton (ROM),NZ: Other,ROM,Hamilton,
M0351,-37.78,175.27,1984,Hamilton (ROM),NZ: Other,ROM,Hamilton,
M0352,-37.78,175.27,1984,Hamilton (ROM),NZ: Other,ROM,Hamilton,
M0353,-37.78,175.27,1984,Hamilton (ROM),NZ: Other,ROM,Hamilton,
M0354,-37.78,175.27,1984,Hamilton (ROM),NZ: Other,ROM,Hamilton,
M0355,-37.78,175.27,1984,Hamilton (ROM),NZ: Other,ROM,Hamilton,
M0356,-37.78,175.27,1984,Hamilton (ROM),NZ: Other,ROM,Hamilton,
M0357,-36.94,174.95,1984,Auckland (ROM),NZ: Other,ROM,"Auckland, Whitford Landfill",
M0358,-36.94,174.95,1984,Auckland (ROM),NZ: Other,ROM,"Auckland, Whitford Landfill",
M0359,-36.94,174.95,1984,Auckland (ROM),NZ: Other,ROM,"Auckland, Whitford Landfill",
M0360,-36.94,174.95,1984,Auckland (ROM),NZ: Other,ROM,"Auckland, Whitford Landfill",
M0361,-36.94,174.95,1984,Auckland (ROM),NZ: Other,ROM,"Auckland, Whitford Landfill",
M0362,-36.94,174.95,1984,Auckland (ROM),NZ: Other,ROM,"Auckland, Whitford Landfill",
M0363,-36.94,174.95,1984,Auckland (ROM),NZ: Other,ROM,"Auckland, Whitford Landfill",
M0364,-36.94,174.95,1984,Auckland (ROM),NZ: Other,ROM,"Auckland, Whitford Landfill",
M0365,-36.94,174.95,1984,Auckland (ROM),NZ: Other,ROM,"Auckland, Whitford Landfill",
M0366,-36.94,174.95,1984,Auckland (ROM),NZ: Other,ROM,"Auckland, Whitford Landfill",
M0367,-36.83,174.76,1986,Auckland (ROM),NZ: Other,ROM,Auckland,
M0368,12.96666667,77.58333333,1983,Karnataka,IND: Other,ROM,Bangalore,Same individual as M0368. Removed
M0369,12.7,80.01666667,1983,Tamil Nadu,IND: Other,ROM,Chengalpattu,Same individual as M0303. Removed
M0370,-36.558023,174.32852,2017-2020,Helensville,NZ: Other,NZ collaborators,Helensville,"Same individual as M0107, M0187. Removed"
M0371,-36.8,175.1,2017-2020,Waiheke,NZ: Other,NZ collaborators,Waiheke,
M0372,-36.8,175.1,2017-2020,Waiheke,NZ: Other,NZ collaborators,Waiheke,
M0373,-36.8,175.1,2017-2020,Waiheke,NZ: Other,NZ collaborators,Waiheke,
M0374,-36.8,175.1,2017-2020,Waiheke,NZ: Other,NZ collaborators,Waiheke,
M0375,-36.8,175.1,2017-2020,Waiheke,NZ: Other,NZ collaborators,Waiheke,
M0376,-36.8,175.1,2017-2020,Waiheke,NZ: Other,NZ collaborators,Waiheke,
10201,-29.82904,152.88931,2014-2015,n/a,n/a,Australian Museum,Grafton,Removed to retain only populations from main Australian introduction points points
10202,-29.82904,152.88931,2014-2015,n/a,n/a,Australian Museum,Grafton,Removed to retain only populations from main Australian introduction points points
10203,-29.82904,152.88931,2014-2015,n/a,n/a,Australian Museum,Grafton,Removed to retain only populations from main Australian introduction points points
10204,-29.85341,152.26855,2014-2015,n/a,n/a,Australian Museum,Grafton,Removed to retain only populations from main Australian introduction points points
10205,-29.85341,152.26855,2014-2015,n/a,n/a,Australian Museum,Grafton,Removed to retain only populations from main Australian introduction points points
10206,-29.69244,152.88438,2014-2015,n/a,n/a,Australian Museum,Grafton,Removed to retain only populations from main Australian introduction points points
10207,-29.69244,152.88438,2014-2015,n/a,n/a,Australian Museum,Grafton,Removed to retain only populations from main Australian introduction points points
10208,-29.71261,152.9306,2014-2015,n/a,n/a,Australian Museum,Grafton,Removed to retain only populations from main Australian introduction points points
10209,-29.71261,152.9306,2014-2015,n/a,n/a,Australian Museum,Grafton,Removed to retain only populations from main Australian introduction points points
10210,-29.95492,152.99515,2014-2015,n/a,n/a,Australian Museum,Grafton,Removed to retain only populations from main Australian introduction points points
10211,-29.95492,152.99515,2014-2015,n/a,n/a,Australian Museum,Grafton,Removed to retain only populations from main Australian introduction points points
10212,-29.95492,152.99515,2014-2015,n/a,n/a,Australian Museum,Grafton,Removed to retain only populations from main Australian introduction points points
10213,-29.95492,152.99515,2014-2015,n/a,n/a,Australian Museum,Grafton,Removed to retain only populations from main Australian introduction points points
10214,-29.95492,152.99515,2014-2015,n/a,n/a,Australian Museum,Grafton,Removed to retain only populations from main Australian introduction points points
10215,-29.82904,152.88931,2014-2015,n/a,n/a,Australian Museum,Grafton,Removed to retain only populations from main Australian introduction points points
10216,-29.82904,152.88931,2014-2015,n/a,n/a,Australian Museum,Grafton,Removed to retain only populations from main Australian introduction points points
10217,-29.82904,152.88931,2014-2015,n/a,n/a,Australian Museum,Grafton,Removed to retain only populations from main Australian introduction points points
10218,-29.6061,152.93437,2014-2015,n/a,n/a,Australian Museum,Grafton,Removed to retain only populations from main Australian introduction points points
10219,-29.6061,152.93437,2014-2015,n/a,n/a,Australian Museum,Grafton,Removed to retain only populations from main Australian introduction points points
10233,-29.71261,152.930597,2014-2015,n/a,n/a,Australian Museum,Grafton,Removed to retain only populations from main Australian introduction points points
10506,-37.57082,145.12082,2014-2015,n/a,n/a,Australian Museum,Arthur's Creek,Removed to retain only populations from main Australian introduction points points
10510,-37.57082,145.12082,2014-2015,n/a,n/a,Australian Museum,Arthur's Creek,Removed to retain only populations from main Australian introduction points points
10511,-37.57082,145.12082,2014-2015,n/a,n/a,Australian Museum,Arthur's Creek,Removed to retain only populations from main Australian introduction points points
10512,-37.57082,145.12082,2014-2015,n/a,n/a,Australian Museum,Arthur's Creek,Removed to retain only populations from main Australian introduction points points
10513,-37.57082,145.12082,2014-2015,n/a,n/a,Australian Museum,Arthur's Creek,Removed to retain only populations from main Australian introduction points points
10514,-37.57082,145.12082,2014-2015,n/a,n/a,Australian Museum,Arthur's Creek,Removed to retain only populations from main Australian introduction points points
10519,-37.57082,145.12082,2014-2015,n/a,n/a,Australian Museum,Arthur's Creek,Removed to retain only populations from main Australian introduction points points
10541,-37.57082,145.12082,2014-2015,n/a,n/a,Australian Museum,Arthur's Creek,Removed to retain only populations from main Australian introduction points points
10542,-37.57082,145.12082,2014-2015,n/a,n/a,Australian Museum,Arthur's Creek,Removed to retain only populations from main Australian introduction points points
10543,-37.57082,145.12082,2014-2015,n/a,n/a,Australian Museum,Arthur's Creek,Removed to retain only populations from main Australian introduction points points
10544,-37.57082,145.12082,2014-2015,n/a,n/a,Australian Museum,Arthur's Creek,Removed to retain only populations from main Australian introduction points points
10545,-37.57082,145.12082,2014-2015,n/a,n/a,Australian Museum,Arthur's Creek,Removed to retain only populations from main Australian introduction points points
10546,-37.57082,145.12082,2014-2015,n/a,n/a,Australian Museum,Arthur's Creek,Removed to retain only populations from main Australian introduction points points
10547,-37.57082,145.12082,2014-2015,n/a,n/a,Australian Museum,Arthur's Creek,Removed to retain only populations from main Australian introduction points points
10548,-37.57082,145.12082,2014-2015,n/a,n/a,Australian Museum,Arthur's Creek,Removed to retain only populations from main Australian introduction points points
10549,-37.57082,145.12082,2014-2015,n/a,n/a,Australian Museum,Arthur's Creek,Removed to retain only populations from main Australian introduction points points
10550,-37.57082,145.12082,2014-2015,n/a,n/a,Australian Museum,Arthur's Creek,Removed to retain only populations from main Australian introduction points points
10551,-37.57082,145.12082,2014-2015,n/a,n/a,Australian Museum,Arthur's Creek,Removed to retain only populations from main Australian introduction points points
10552,-37.57082,145.12082,2014-2015,n/a,n/a,Australian Museum,Arthur's Creek,Removed to retain only populations from main Australian introduction points points
10553,-37.57082,145.12082,2014-2015,n/a,n/a,Australian Museum,Arthur's Creek,Removed to retain only populations from main Australian introduction points points
10555,-37.57082,145.12082,2014-2015,n/a,n/a,Australian Museum,Arthur's Creek,Removed to retain only populations from main Australian introduction points points
10556,-37.57082,145.12082,2014-2015,n/a,n/a,Australian Museum,Arthur's Creek,Removed to retain only populations from main Australian introduction points points
10557,-37.57082,145.12082,2014-2015,n/a,n/a,Australian Museum,Arthur's Creek,Removed to retain only populations from main Australian introduction points points
10558,-37.57082,145.12082,2014-2015,n/a,n/a,Australian Museum,Arthur's Creek,Removed to retain only populations from main Australian introduction points points
10601,-37.35289,144.53674,2014-2015,n/a,n/a,Australian Museum,Macedon,Removed to retain only populations from main Australian introduction points points
10602,-37.35289,144.53674,2014-2015,n/a,n/a,Australian Museum,Macedon,Removed to retain only populations from main Australian introduction points points
10603,-37.35289,144.53674,2014-2015,n/a,n/a,Australian Museum,Macedon,Removed to retain only populations from main Australian introduction points points
10604,-37.35289,144.53674,2014-2015,n/a,n/a,Australian Museum,Macedon,Removed to retain only populations from main Australian introduction points points
10605,-37.2824,144.4985,2014-2015,n/a,n/a,Australian Museum,Macedon,Removed to retain only populations from main Australian introduction points points
10606,-37.34934,144.5357,2014-2015,n/a,n/a,Australian Museum,Macedon,Removed to retain only populations from main Australian introduction points points
10607,-37.34934,144.5357,2014-2015,n/a,n/a,Australian Museum,Macedon,Removed to retain only populations from main Australian introduction points points
10608,-37.34934,144.5357,2014-2015,n/a,n/a,Australian Museum,Macedon,Removed to retain only populations from main Australian introduction points points
10609,-37.36166,144.53972,2014-2015,n/a,n/a,Australian Museum,Macedon,Removed to retain only populations from main Australian introduction points points
10610,-37.34352,144.53525,2014-2015,n/a,n/a,Australian Museum,Macedon,Removed to retain only populations from main Australian introduction points points
10611,-37.34934,144.5357,2014-2015,n/a,n/a,Australian Museum,Macedon,Removed to retain only populations from main Australian introduction points points
10612,-37.34934,144.5357,2014-2015,n/a,n/a,Australian Museum,Macedon,Removed to retain only populations from main Australian introduction points points
10613,-37.21033,144.47109,2014-2015,n/a,n/a,Australian Museum,Macedon,Removed to retain only populations from main Australian introduction points points
10614,-37.21033,144.47109,2014-2015,n/a,n/a,Australian Museum,Macedon,Removed to retain only populations from main Australian introduction points points
10615,-37.21033,144.47109,2014-2015,n/a,n/a,Australian Museum,Macedon,Removed to retain only populations from main Australian introduction points points
10616,-37.36166,144.53972,2014-2015,n/a,n/a,Australian Museum,Macedon,Removed to retain only populations from main Australian introduction points points
10617,-37.36467,144.53931,2014-2015,n/a,n/a,Australian Museum,Macedon,Removed to retain only populations from main Australian introduction points points
10618,-37.21033,144.47109,2014-2015,n/a,n/a,Australian Museum,Macedon,Removed to retain only populations from main Australian introduction points points
10619,-37.21033,144.47109,2014-2015,n/a,n/a,Australian Museum,Macedon,Removed to retain only populations from main Australian introduction points points
10620,-37.41969,144.57458,2014-2015,n/a,n/a,Australian Museum,Macedon,Removed to retain only populations from main Australian introduction points points
10712,-36.54229,145.99928,2014-2015,n/a,n/a,Australian Museum,Benalla,Removed to retain only populations from main Australian introduction points points
10715,-36.54229,145.99928,2014-2015,n/a,n/a,Australian Museum,Benalla,Removed to retain only populations from main Australian introduction points points
10716,-36.54229,145.99928,2014-2015,n/a,n/a,Australian Museum,Benalla,Removed to retain only populations from main Australian introduction points points
10717,-36.54229,145.99928,2014-2015,n/a,n/a,Australian Museum,Benalla,Removed to retain only populations from main Australian introduction points points
10719,-36.54114,145.89439,2014-2015,n/a,n/a,Australian Museum,Benalla,Removed to retain only populations from main Australian introduction points points
10720,-36.54114,145.89439,2014-2015,n/a,n/a,Australian Museum,Benalla,Removed to retain only populations from main Australian introduction points points
10721,-36.54114,145.89439,2014-2015,n/a,n/a,Australian Museum,Benalla,Removed to retain only populations from main Australian introduction points points
10722,-36.54114,145.89439,2014-2015,n/a,n/a,Australian Museum,Benalla,Removed to retain only populations from main Australian introduction points points
10723,-36.54114,145.89439,2014-2015,n/a,n/a,Australian Museum,Benalla,Removed to retain only populations from main Australian introduction points points
10724,-36.54229,145.99928,2014-2015,n/a,n/a,Australian Museum,Benalla,Removed to retain only populations from main Australian introduction points points
10725,-36.54229,145.99928,2014-2015,n/a,n/a,Australian Museum,Benalla,Removed to retain only populations from main Australian introduction points points
10726,-36.54229,145.99928,2014-2015,n/a,n/a,Australian Museum,Benalla,Removed to retain only populations from main Australian introduction points points
10727,-36.54229,145.99928,2014-2015,n/a,n/a,Australian Museum,Benalla,Removed to retain only populations from main Australian introduction points points
10728,-36.54229,145.99928,2014-2015,n/a,n/a,Australian Museum,Benalla,Removed to retain only populations from main Australian introduction points points
10729,-36.54229,145.99928,2014-2015,n/a,n/a,Australian Museum,Benalla,Removed to retain only populations from main Australian introduction points points
10730,-36.5456,145.98963,2014-2015,n/a,n/a,Australian Museum,Benalla,Removed to retain only populations from main Australian introduction points points
10731,-36.5456,145.98963,2014-2015,n/a,n/a,Australian Museum,Benalla,Removed to retain only populations from main Australian introduction points points
10734,-36.5456,145.98963,2014-2015,n/a,n/a,Australian Museum,Benalla,Removed to retain only populations from main Australian introduction points points
10735,n/a,n/a,2014-2015,n/a,n/a,Australian Museum,Australia (unknown),Removed to retain only populations from main Australian introduction points points
10736,-36.5456,145.98963,2014-2015,n/a,n/a,Australian Museum,Benalla,Removed to retain only populations from main Australian introduction points points
10737,-36.5456,145.98963,2014-2015,n/a,n/a,Australian Museum,Benalla,Removed to retain only populations from main Australian introduction points points
10738,-36.5456,145.98963,2014-2015,n/a,n/a,Australian Museum,Benalla,Removed to retain only populations from main Australian introduction points points
10739,-36.5456,145.98963,2014-2015,n/a,n/a,Australian Museum,Benalla,Removed to retain only populations from main Australian introduction points points
10740,-36.54114,145.89439,2014-2015,n/a,n/a,Australian Museum,Benalla,Removed to retain only populations from main Australian introduction points points
10802,-28.84163,153.28604,2014-2015,n/a,n/a,Australian Museum,Lismore,Removed to retain only populations from main Australian introduction points points
10804,-28.84163,153.28604,2014-2015,n/a,n/a,Australian Museum,Lismore,Removed to retain only populations from main Australian introduction points points
10805,-28.84163,153.28604,2014-2015,n/a,n/a,Australian Museum,Lismore,Removed to retain only populations from main Australian introduction points points
10806,-28.84163,153.28604,2014-2015,n/a,n/a,Australian Museum,Lismore,Removed to retain only populations from main Australian introduction points points
10911,-36.4,149.94,2014-2015,n/a,n/a,Australian Museum,Pambula,Removed to retain only populations from main Australian introduction points points
10912,-36.4,149.94,2014-2015,n/a,n/a,Australian Museum,Pambula,Removed to retain only populations from main Australian introduction points points
10914,-36.4,149.94,2014-2015,n/a,n/a,Australian Museum,Pambula,Removed to retain only populations from main Australian introduction points points
10915,-36.63,149.57,2014-2015,n/a,n/a,Australian Museum,Pambula,Removed to retain only populations from main Australian introduction points points
10916,-36.63,149.57,2014-2015,n/a,n/a,Australian Museum,Pambula,Removed to retain only populations from main Australian introduction points points
10918,-36.80323,149.69276,2014-2015,n/a,n/a,Australian Museum,Pambula,Removed to retain only populations from main Australian introduction points points
10919,-36.80323,149.69276,2014-2015,n/a,n/a,Australian Museum,Pambula,Removed to retain only populations from main Australian introduction points points
10920,-36.73,149.94,2014-2015,n/a,n/a,Australian Museum,Pambula,Removed to retain only populations from main Australian introduction points points
10921,-36.80323,149.69276,2014-2015,n/a,n/a,Australian Museum,Pambula,Removed to retain only populations from main Australian introduction points points
10922,-36.80323,149.69276,2014-2015,n/a,n/a,Australian Museum,Pambula,Removed to retain only populations from main Australian introduction points points
10923,-36.73,149.94,2014-2015,n/a,n/a,Australian Museum,Pambula,Removed to retain only populations from main Australian introduction points points
10924,-36.73,149.94,2014-2015,n/a,n/a,Australian Museum,Pambula,Removed to retain only populations from main Australian introduction points points
11011,-33.58012,150.87854,2014-2015,n/a,n/a,Australian Museum,Pitt Town ,Removed to retain only populations from main Australian introduction points points
11012,-33.58012,150.87854,2014-2015,n/a,n/a,Australian Museum,Pitt Town ,Removed to retain only populations from main Australian introduction points points
11013,-33.58012,150.87854,2014-2015,n/a,n/a,Australian Museum,Pitt Town ,Removed to retain only populations from main Australian introduction points points
11014,-33.58012,150.87854,2014-2015,n/a,n/a,Australian Museum,Pitt Town ,Removed to retain only populations from main Australian introduction points points
11015,-33.58012,150.87854,2014-2015,n/a,n/a,Australian Museum,Pitt Town ,Removed to retain only populations from main Australian introduction points points
11016,-33.58012,150.87854,2014-2015,n/a,n/a,Australian Museum,Pitt Town ,Removed to retain only populations from main Australian introduction points points
11017,-33.58012,150.87854,2014-2015,n/a,n/a,Australian Museum,Pitt Town ,Removed to retain only populations from main Australian introduction points points
11018,-33.58012,150.87854,2014-2015,n/a,n/a,Australian Museum,Pitt Town ,Removed to retain only populations from main Australian introduction points points
11019,-33.58012,150.87854,2014-2015,n/a,n/a,Australian Museum,Pitt Town ,Removed to retain only populations from main Australian introduction points points
11020,-33.58012,150.87854,2014-2015,n/a,n/a,Australian Museum,Pitt Town ,Removed to retain only populations from main Australian introduction points points
11041,-33.58012,150.87854,2014-2015,n/a,n/a,Australian Museum,Pitt Town ,Removed to retain only populations from main Australian introduction points points
11042,-33.58012,150.87854,2014-2015,n/a,n/a,Australian Museum,Pitt Town ,Removed to retain only populations from main Australian introduction points points
11043,-33.58012,150.87854,2014-2015,n/a,n/a,Australian Museum,Pitt Town ,Removed to retain only populations from main Australian introduction points points
11044,-33.58012,150.87854,2014-2015,n/a,n/a,Australian Museum,Pitt Town ,Removed to retain only populations from main Australian introduction points points
11045,-33.58012,150.87854,2014-2015,n/a,n/a,Australian Museum,Pitt Town ,Removed to retain only populations from main Australian introduction points points
11046,-33.58012,150.87854,2014-2015,n/a,n/a,Australian Museum,Pitt Town ,Removed to retain only populations from main Australian introduction points points
11047,-33.58012,150.87854,2014-2015,n/a,n/a,Australian Museum,Pitt Town ,Removed to retain only populations from main Australian introduction points points
11048,-33.58012,150.87854,2014-2015,n/a,n/a,Australian Museum,Pitt Town ,Removed to retain only populations from main Australian introduction points points
11049,-33.58012,150.87854,2014-2015,n/a,n/a,Australian Museum,Pitt Town ,Removed to retain only populations from main Australian introduction points points
11050,-33.58012,150.87854,2014-2015,n/a,n/a,Australian Museum,Pitt Town ,Removed to retain only populations from main Australian introduction points points
11101,-35.12,147.344,2014-2015,n/a,n/a,Australian Museum,Wagga Wagga,Removed to retain only populations from main Australian introduction points points
11303,-34.36729,150.914111,2014-2015,n/a,n/a,Australian Museum,Wollongong,Removed to retain only populations from main Australian introduction points points
11306,-34.36729,150.914111,2014-2015,n/a,n/a,Australian Museum,Wollongong,Removed to retain only populations from main Australian introduction points points
11307,-34.36729,150.914111,2014-2015,n/a,n/a,Australian Museum,Wollongong,Removed to retain only populations from main Australian introduction points points
11309,-34.36729,150.914111,2014-2015,n/a,n/a,Australian Museum,Wollongong,Removed to retain only populations from main Australian introduction points points
11319,-34.44642,150.83578,2014-2015,n/a,n/a,Australian Museum,Wollongong,Removed to retain only populations from main Australian introduction points points
11320,-34.27151,150.95721,2014-2015,n/a,n/a,Australian Museum,Wollongong,Removed to retain only populations from main Australian introduction points points
11324,-34.36729,150.914111,2014-2015,n/a,n/a,Australian Museum,Wollongong,Removed to retain only populations from main Australian introduction points points
11346,-34.36729,150.914111,2014-2015,n/a,n/a,Australian Museum,Wollongong,Removed to retain only populations from main Australian introduction points points
11362,-34.36729,150.914111,2014-2015,n/a,n/a,Australian Museum,Wollongong,Removed to retain only populations from main Australian introduction points points
11363,-34.36729,150.914111,2014-2015,n/a,n/a,Australian Museum,Wollongong,Removed to retain only populations from main Australian introduction points points
11364,-34.36729,150.914111,2014-2015,n/a,n/a,Australian Museum,Wollongong,Removed to retain only populations from main Australian introduction points points
11365,-34.36729,150.914111,2014-2015,n/a,n/a,Australian Museum,Wollongong,Removed to retain only populations from main Australian introduction points points
11366,-34.36729,150.914111,2014-2015,n/a,n/a,Australian Museum,Wollongong,Removed to retain only populations from main Australian introduction points points
11367,-34.36729,150.914111,2014-2015,n/a,n/a,Australian Museum,Wollongong,Removed to retain only populations from main Australian introduction points points
11368,-34.36729,150.914111,2014-2015,n/a,n/a,Australian Museum,Wollongong,Removed to retain only populations from main Australian introduction points points
11369,-34.36729,150.914111,2014-2015,n/a,n/a,Australian Museum,Wollongong,Removed to retain only populations from main Australian introduction points points
11370,-34.36729,150.914111,2014-2015,n/a,n/a,Australian Museum,Wollongong,Removed to retain only populations from main Australian introduction points points
11371,-34.36729,150.914111,2014-2015,n/a,n/a,Australian Museum,Wollongong,Removed to retain only populations from main Australian introduction points points
11372,-34.36729,150.914111,2014-2015,n/a,n/a,Australian Museum,Wollongong,Removed to retain only populations from main Australian introduction points points
11373,-34.36729,150.914111,2014-2015,n/a,n/a,Australian Museum,Wollongong,Removed to retain only populations from main Australian introduction points points
11401,-26.584804,153.095759,2014-2015,n/a,n/a,Australian Museum,Sunshine Coast,Removed to retain only populations from main Australian introduction points points
11402,-26.584804,153.095759,2014-2015,n/a,n/a,Australian Museum,Sunshine Coast,Removed to retain only populations from main Australian introduction points points
11403,-26.584804,153.095759,2014-2015,n/a,n/a,Australian Museum,Sunshine Coast,Removed to retain only populations from main Australian introduction points points
11404,-26.584804,153.095759,2014-2015,n/a,n/a,Australian Museum,Sunshine Coast,Removed to retain only populations from main Australian introduction points points
11405,-26.584804,153.095759,2014-2015,n/a,n/a,Australian Museum,Sunshine Coast,Removed to retain only populations from main Australian introduction points points
11406,-26.584804,153.095759,2014-2015,n/a,n/a,Australian Museum,Sunshine Coast,Removed to retain only populations from main Australian introduction points points
11407,-26.584804,153.095759,2014-2015,n/a,n/a,Australian Museum,Sunshine Coast,Removed to retain only populations from main Australian introduction points points
11408,-26.584804,153.095759,2014-2015,n/a,n/a,Australian Museum,Sunshine Coast,Removed to retain only populations from main Australian introduction points points
11409,-26.584804,153.095759,2014-2015,n/a,n/a,Australian Museum,Sunshine Coast,Removed to retain only populations from main Australian introduction points points
11410,-26.70669,153.133779,2014-2015,n/a,n/a,Australian Museum,Sunshine Coast,Removed to retain only populations from main Australian introduction points points
11522,-28.09,153.43,2014-2015,Gold Coast,AUS: Gold Coast,Australian Museum,Gold Coast,
11523,-28.09,153.43,2014-2015,Gold Coast,AUS: Gold Coast,Australian Museum,Gold Coast,
11524,-28.09,153.43,2014-2015,Gold Coast,AUS: Gold Coast,Australian Museum,Gold Coast,
11525,-28.09,153.43,2014-2015,Gold Coast,AUS: Gold Coast,Australian Museum,Gold Coast,
11526,-28.09,153.43,2014-2015,Gold Coast,AUS: Gold Coast,Australian Museum,Gold Coast,
11527,-28.09,153.43,2014-2015,Gold Coast,AUS: Gold Coast,Australian Museum,Gold Coast,
11528,-28.09,153.43,2014-2015,Gold Coast,AUS: Gold Coast,Australian Museum,Gold Coast,
11529,-28.09,153.43,2014-2015,Gold Coast,AUS: Gold Coast,Australian Museum,Gold Coast,
11530,-28.09,153.43,2014-2015,Gold Coast,AUS: Gold Coast,Australian Museum,Gold Coast,
11531,-28.09,153.43,2014-2015,Gold Coast,AUS: Gold Coast,Australian Museum,Gold Coast,
11532,-28.09,153.43,2014-2015,Gold Coast,AUS: Gold Coast,Australian Museum,Gold Coast,
11533,-28.09,153.43,2014-2015,Gold Coast,AUS: Gold Coast,Australian Museum,Gold Coast,
11534,-28.09,153.43,2014-2015,Gold Coast,AUS: Gold Coast,Australian Museum,Gold Coast,
11535,-28.09,153.43,2014-2015,Gold Coast,AUS: Gold Coast,Australian Museum,Gold Coast,
11536,-28.09,153.43,2014-2015,Gold Coast,AUS: Gold Coast,Australian Museum,Gold Coast,
11537,-28.09,153.43,2014-2015,Gold Coast,AUS: Gold Coast,Australian Museum,Gold Coast,
11538,-28.09,153.43,2014-2015,Gold Coast,AUS: Gold Coast,Australian Museum,Gold Coast,
11539,-28.09,153.43,2014-2015,Gold Coast,AUS: Gold Coast,Australian Museum,Gold Coast,
11540,-28.09,153.43,2014-2015,Gold Coast,AUS: Gold Coast,Australian Museum,Gold Coast,
11541,-28.09,153.43,2014-2015,Gold Coast,AUS: Gold Coast,Australian Museum,Gold Coast,
11542,-28.09,153.43,2014-2015,Gold Coast,AUS: Gold Coast,Australian Museum,Gold Coast,
11543,-28.09,153.43,2014-2015,Gold Coast,AUS: Gold Coast,Australian Museum,Gold Coast,
11544,-28.09,153.43,2014-2015,Gold Coast,AUS: Gold Coast,Australian Museum,Gold Coast,
11545,-28.09,153.43,2014-2015,Gold Coast,AUS: Gold Coast,Australian Museum,Gold Coast,
11546,-28.09,153.43,2014-2015,Gold Coast,AUS: Gold Coast,Australian Museum,Gold Coast,
11547,-28.09,153.43,2014-2015,Gold Coast,AUS: Gold Coast,Australian Museum,Gold Coast,
11548,-28.09,153.43,2014-2015,Gold Coast,AUS: Gold Coast,Australian Museum,Gold Coast,
11549,-28.09,153.43,2014-2015,Gold Coast,AUS: Gold Coast,Australian Museum,Gold Coast,
11550,-28.09,153.43,2014-2015,Gold Coast,AUS: Gold Coast,Australian Museum,Gold Coast,
11601,-16.93105,145.73188,2014-2015,n/a,n/a,Australian Museum,Cairns,Removed to retain only populations from main Australian introduction points points
11602,-17.01902,145.7477,2014-2015,n/a,n/a,Australian Museum,Cairns,Removed to retain only populations from main Australian introduction points points
11603,-17.01902,145.7477,2014-2015,n/a,n/a,Australian Museum,Cairns,Removed to retain only populations from main Australian introduction points points
11604,-17.01902,145.7477,2014-2015,n/a,n/a,Australian Museum,Cairns,Removed to retain only populations from main Australian introduction points points
11605,-17.01902,145.7477,2014-2015,n/a,n/a,Australian Museum,Cairns,Removed to retain only populations from main Australian introduction points points
11606,-17.01902,145.7477,2014-2015,n/a,n/a,Australian Museum,Cairns,Removed to retain only populations from main Australian introduction points points
11607,-17.01902,145.7477,2014-2015,n/a,n/a,Australian Museum,Cairns,Removed to retain only populations from main Australian introduction points points
11608,-17.01902,145.7477,2014-2015,n/a,n/a,Australian Museum,Cairns,Removed to retain only populations from main Australian introduction points points
11609,-17.01902,145.7477,2014-2015,n/a,n/a,Australian Museum,Cairns,Removed to retain only populations from main Australian introduction points points
11610,-17.01902,145.7477,2014-2015,n/a,n/a,Australian Museum,Cairns,Removed to retain only populations from main Australian introduction points points
11611,-17.01902,145.7477,2014-2015,n/a,n/a,Australian Museum,Cairns,Removed to retain only populations from main Australian introduction points points
11612,-17.01902,145.7477,2014-2015,n/a,n/a,Australian Museum,Cairns,Removed to retain only populations from main Australian introduction points points
11613,-16.93105,145.73188,2014-2015,n/a,n/a,Australian Museum,Cairns,Removed to retain only populations from main Australian introduction points points
11621,-16.93105,145.73188,2014-2015,n/a,n/a,Australian Museum,Cairns,Removed to retain only populations from main Australian introduction points points
11622,-16.93105,145.73188,2014-2015,n/a,n/a,Australian Museum,Cairns,Removed to retain only populations from main Australian introduction points points
11623,-16.93105,145.73188,2014-2015,n/a,n/a,Australian Museum,Cairns,Removed to retain only populations from main Australian introduction points points
11624,-16.93105,145.73188,2014-2015,n/a,n/a,Australian Museum,Cairns,Removed to retain only populations from main Australian introduction points points
11625,-16.93105,145.73188,2014-2015,n/a,n/a,Australian Museum,Cairns,Removed to retain only populations from main Australian introduction points points
11626,n/a,n/a,2014-2015,n/a,n/a,Australian Museum,Australia (unknown),Removed to retain only populations from main Australian introduction points points
11701,-35.173455,149.107809,2014-2015,n/a,n/a,Australian Museum,Canberra,Removed to retain only populations from main Australian introduction points points
11714,-35.20446,149.058182,2014-2015,n/a,n/a,Australian Museum,Canberra,Removed to retain only populations from main Australian introduction points points
11719,-35.326206,149.059731,2014-2015,n/a,n/a,Australian Museum,Canberra,Removed to retain only populations from main Australian introduction points points
11721,-35.206836,149.046693,2014-2015,n/a,n/a,Australian Museum,Canberra,Removed to retain only populations from main Australian introduction points points
11735,-35.401369,149.112122,2014-2015,n/a,n/a,Australian Museum,Canberra,Removed to retain only populations from main Australian introduction points points
11736,-35.401369,149.112122,2014-2015,n/a,n/a,Australian Museum,Canberra,Removed to retain only populations from main Australian introduction points points
11737,n/a,n/a,2014-2015,n/a,n/a,Australian Museum,Australia (unknown),Removed to retain only populations from main Australian introduction points points
11738,-35.401369,149.112122,2014-2015,n/a,n/a,Australian Museum,Canberra,Removed to retain only populations from main Australian introduction points points
11739,-35.401369,149.112122,2014-2015,n/a,n/a,Australian Museum,Canberra,Removed to retain only populations from main Australian introduction points points
11740,-35.401369,149.112122,2014-2015,n/a,n/a,Australian Museum,Canberra,Removed to retain only populations from main Australian introduction points points
11741,-35.270564,149.139519,2014-2015,n/a,n/a,Australian Museum,Canberra,Removed to retain only populations from main Australian introduction points points
11742,-35.270564,149.139519,2014-2015,n/a,n/a,Australian Museum,Canberra,Removed to retain only populations from main Australian introduction points points
11743,-35.270564,149.139519,2014-2015,n/a,n/a,Australian Museum,Canberra,Removed to retain only populations from main Australian introduction points points
11744,-35.270564,149.139519,2014-2015,n/a,n/a,Australian Museum,Canberra,Removed to retain only populations from main Australian introduction points points
11745,-35.270564,149.139519,2014-2015,n/a,n/a,Australian Museum,Canberra,Removed to retain only populations from main Australian introduction points points
11746,-35.270564,149.139519,2014-2015,n/a,n/a,Australian Museum,Canberra,Removed to retain only populations from main Australian introduction points points
11747,-35.270564,149.139519,2014-2015,n/a,n/a,Australian Museum,Canberra,Removed to retain only populations from main Australian introduction points points
11748,-35.270564,149.139519,2014-2015,n/a,n/a,Australian Museum,Canberra,Removed to retain only populations from main Australian introduction points points
11749,-35.270564,149.139519,2014-2015,n/a,n/a,Australian Museum,Canberra,Removed to retain only populations from main Australian introduction points points
11750,-35.270564,149.139519,2014-2015,n/a,n/a,Australian Museum,Canberra,Removed to retain only populations from main Australian introduction points points
11751,-35.270564,149.139519,2014-2015,n/a,n/a,Australian Museum,Canberra,Removed to retain only populations from main Australian introduction points points
11752,-35.270564,149.139519,2014-2015,n/a,n/a,Australian Museum,Canberra,Removed to retain only populations from main Australian introduction points points
11791,-35.326206,149.059731,2014-2015,n/a,n/a,Australian Museum,Canberra,Removed to retain only populations from main Australian introduction points points
11793,-35.326206,149.059731,2014-2015,n/a,n/a,Australian Museum,Canberra,Removed to retain only populations from main Australian introduction points points
11794,-35.326206,149.059731,2014-2015,n/a,n/a,Australian Museum,Canberra,Removed to retain only populations from main Australian introduction points points
11795,-35.326206,149.059731,2014-2015,n/a,n/a,Australian Museum,Canberra,Removed to retain only populations from main Australian introduction points points
11801,-34.47491,150.42047,2014-2015,n/a,n/a,Australian Museum,Bowral ,Removed to retain only populations from main Australian introduction points points
11802,-34.47491,150.42047,2014-2015,n/a,n/a,Australian Museum,Bowral,Removed to retain only populations from main Australian introduction points points
11803,-34.47491,150.42047,2014-2015,n/a,n/a,Australian Museum,Bowral,Removed to retain only populations from main Australian introduction points points
11804,-34.47491,150.42047,2014-2015,n/a,n/a,Australian Museum,Bowral,Removed to retain only populations from main Australian introduction points points
11805,-34.47491,150.42047,2014-2015,n/a,n/a,Australian Museum,Bowral,Removed to retain only populations from main Australian introduction points points
11806,-34.47491,150.42047,2014-2015,n/a,n/a,Australian Museum,Bowral,Removed to retain only populations from main Australian introduction points points
11807,-34.47491,150.42047,2014-2015,n/a,n/a,Australian Museum,Bowral,Removed to retain only populations from main Australian introduction points points
11808,-34.47491,150.42047,2014-2015,n/a,n/a,Australian Museum,Bowral,Removed to retain only populations from main Australian introduction points points
11809,-34.47491,150.42047,2014-2015,n/a,n/a,Australian Museum,Bowral,Removed to retain only populations from main Australian introduction points points
11810,-34.47491,150.42047,2014-2015,n/a,n/a,Australian Museum,Bowral,Removed to retain only populations from main Australian introduction points points
11811,-34.47491,150.42047,2014-2015,n/a,n/a,Australian Museum,Bowral,Removed to retain only populations from main Australian introduction points points
11812,-34.55061,150.36264,2014-2015,n/a,n/a,Australian Museum,Bowral,Removed to retain only populations from main Australian introduction points points
12101,-33.866,151.2162,2014-2015,Sydney,AUS: Sydney,Australian Museum,Sydney,
12302,n/a,n/a,2014-2015,n/a,n/a,Australian Museum,Australia (unknown),Removed to retain only populations from main Australian introduction points points
12303,-28.57386,150.7547,2014-2015,n/a,n/a,Australian Museum,Yelarbon,Removed to retain only populations from main Australian introduction points points
12304,-28.57386,150.7547,2014-2015,n/a,n/a,Australian Museum,Yelarbon,Removed to retain only populations from main Australian introduction points points
12312,-28.57386,150.7547,2014-2015,n/a,n/a,Australian Museum,Yelarbon,Removed to retain only populations from main Australian introduction points points
12314,-28.57386,150.7547,2014-2015,n/a,n/a,Australian Museum,Yelarbon,Removed to retain only populations from main Australian introduction points points
12321,-28.43019,151.08518,2014-2015,n/a,n/a,Australian Museum,Inglewood,Removed to retain only populations from main Australian introduction points points
12322,-28.43019,151.08518,2014-2015,n/a,n/a,Australian Museum,Inglewood,Removed to retain only populations from main Australian introduction points points
12323,-28.43019,151.08518,2014-2015,n/a,n/a,Australian Museum,Inglewood,Removed to retain only populations from main Australian introduction points points
12324,-28.43019,151.08518,2014-2015,n/a,n/a,Australian Museum,Inglewood,Removed to retain only populations from main Australian introduction points points
12325,-28.43019,151.08518,2014-2015,n/a,n/a,Australian Museum,Inglewood,Removed to retain only populations from main Australian introduction points points
12326,-28.43019,151.08518,2014-2015,n/a,n/a,Australian Museum,Inglewood,Removed to retain only populations from main Australian introduction points points
12327,-28.43019,151.08518,2014-2015,n/a,n/a,Australian Museum,Inglewood,Removed to retain only populations from main Australian introduction points points
12329,-28.43019,151.08518,2014-2015,n/a,n/a,Australian Museum,Inglewood,Removed to retain only populations from main Australian introduction points points
12343,-28.85229,151.17361,2014-2015,n/a,n/a,Australian Museum,Texas,Removed to retain only populations from main Australian introduction points points
12344,-28.85229,151.17361,2014-2015,n/a,n/a,Australian Museum,Texas,Removed to retain only populations from main Australian introduction points points
12348,-28.85229,151.17361,2014-2015,n/a,n/a,Australian Museum,Texas,Removed to retain only populations from main Australian introduction points points
12349,-28.85229,151.17361,2014-2015,n/a,n/a,Australian Museum,Texas,Removed to retain only populations from main Australian introduction points points
12350,-28.85229,151.17361,2014-2015,n/a,n/a,Australian Museum,Texas,Removed to retain only populations from main Australian introduction points points
12351,-28.85108,151.17032,2014-2015,n/a,n/a,Australian Museum,Texas,Removed to retain only populations from main Australian introduction points points
12353,-28.85108,151.17032,2014-2015,n/a,n/a,Australian Museum,Texas,Removed to retain only populations from main Australian introduction points points
12354,-28.85108,151.17032,2014-2015,n/a,n/a,Australian Museum,Texas,Removed to retain only populations from main Australian introduction points points
12355,-28.85108,151.17032,2014-2015,n/a,n/a,Australian Museum,Texas,Removed to retain only populations from main Australian introduction points points
12356,-28.85108,151.17032,2014-2015,n/a,n/a,Australian Museum,Texas,Removed to retain only populations from main Australian introduction points points
12357,-28.85108,151.17032,2014-2015,n/a,n/a,Australian Museum,Texas,Removed to retain only populations from main Australian introduction points points
12358,-28.85108,151.17032,2014-2015,n/a,n/a,Australian Museum,Texas,Removed to retain only populations from main Australian introduction points points
12359,-28.85108,151.17032,2014-2015,n/a,n/a,Australian Museum,Texas,Removed to retain only populations from main Australian introduction points points
12360,-28.85108,151.17032,2014-2015,n/a,n/a,Australian Museum,Texas,Removed to retain only populations from main Australian introduction points points
12401,-37.77176,145.03447,2014-2015,Melbourne,AUS: Melbourne,Australian Museum,Melbourne,
12402,-37.77176,145.03447,2014-2015,Melbourne,AUS: Melbourne,Australian Museum,Melbourne,
12403,-37.77176,145.03447,2014-2015,Melbourne,AUS: Melbourne,Australian Museum,Melbourne,
12404,-37.77176,145.03447,2014-2015,Melbourne,AUS: Melbourne,Australian Museum,Melbourne,
12405,-37.77176,145.03447,2014-2015,Melbourne,AUS: Melbourne,Australian Museum,Melbourne,
12406,-37.77176,145.03447,2014-2015,Melbourne,AUS: Melbourne,Australian Museum,Melbourne,
12407,-37.77176,145.03447,2014-2015,Melbourne,AUS: Melbourne,Australian Museum,Melbourne,
12408,-37.77176,145.03447,2014-2015,Melbourne,AUS: Melbourne,Australian Museum,Melbourne,
12409,-37.77176,145.03447,2014-2015,Melbourne,AUS: Melbourne,Australian Museum,Melbourne,
12410,-37.77176,145.03447,2014-2015,Melbourne,AUS: Melbourne,Australian Museum,Melbourne,
12411,-37.77176,145.03447,2014-2015,Melbourne,AUS: Melbourne,Australian Museum,Melbourne,
12412,-37.77176,145.03447,2014-2015,Melbourne,AUS: Melbourne,Australian Museum,Melbourne,
12413,-37.77176,145.03447,2014-2015,Melbourne,AUS: Melbourne,Australian Museum,Melbourne,
12414,-37.77176,145.03447,2014-2015,Melbourne,AUS: Melbourne,Australian Museum,Melbourne,
12415,-37.77176,145.03447,2014-2015,Melbourne,AUS: Melbourne,Australian Museum,Melbourne,
12416,-37.77176,145.03447,2014-2015,Melbourne,AUS: Melbourne,Australian Museum,Melbourne,
12417,-37.77176,145.03447,2014-2015,Melbourne,AUS: Melbourne,Australian Museum,Melbourne,
12418,-37.77645,145.02882,2014-2015,Melbourne,AUS: Melbourne,Australian Museum,Melbourne,
12419,-37.77645,145.02882,2014-2015,Melbourne,AUS: Melbourne,Australian Museum,Melbourne,
12420,-37.77176,145.03447,2014-2015,Melbourne,AUS: Melbourne,Australian Museum,Melbourne,
12421,-37.77176,145.03447,2014-2015,Melbourne,AUS: Melbourne,Australian Museum,Melbourne,
12422,-37.77176,145.03447,2014-2015,Melbourne,AUS: Melbourne,Australian Museum,Melbourne,
12423,-37.77176,145.03447,2014-2015,Melbourne,AUS: Melbourne,Australian Museum,Melbourne,
12424,-37.77176,145.03447,2014-2015,Melbourne,AUS: Melbourne,Australian Museum,Melbourne,
12425,-37.77176,145.03447,2014-2015,Melbourne,AUS: Melbourne,Australian Museum,Melbourne,
12426,-37.77176,145.03447,2014-2015,Melbourne,AUS: Melbourne,Australian Museum,Melbourne,
12427,-37.77176,145.03447,2014-2015,Melbourne,AUS: Melbourne,Australian Museum,Melbourne,
12428,-37.77176,145.03447,2014-2015,Melbourne,AUS: Melbourne,Australian Museum,Melbourne,
12429,-37.77176,145.03447,2014-2015,Melbourne,AUS: Melbourne,Australian Museum,Melbourne,
12430,-37.77176,145.03447,2014-2015,Melbourne,AUS: Melbourne,Australian Museum,Melbourne,
12431,-37.77176,145.03447,2014-2015,Melbourne,AUS: Melbourne,Australian Museum,Melbourne,
12432,-37.77176,145.03447,2014-2015,Melbourne,AUS: Melbourne,Australian Museum,Melbourne,
12433,-37.77176,145.03447,2014-2015,Melbourne,AUS: Melbourne,Australian Museum,Melbourne,
12434,-37.77176,145.03447,2014-2015,Melbourne,AUS: Melbourne,Australian Museum,Melbourne,
12435,-37.77176,145.03447,2014-2015,Melbourne,AUS: Melbourne,Australian Museum,Melbourne,
12436,-37.77176,145.03447,2014-2015,Melbourne,AUS: Melbourne,Australian Museum,Melbourne,
12437,-37.77176,145.03447,2014-2015,Melbourne,AUS: Melbourne,Australian Museum,Melbourne,
12438,-37.77176,145.03447,2014-2015,Melbourne,AUS: Melbourne,Australian Museum,Melbourne,
12439,-37.77176,145.03447,2014-2015,Melbourne,AUS: Melbourne,Australian Museum,Melbourne,
12440,-37.77176,145.03447,2014-2015,Melbourne,AUS: Melbourne,Australian Museum,Melbourne,
12501,-19.30277,146.73883,2014-2015,n/a,n/a,Australian Museum,Townsville,Removed to retain only populations from main Australian introduction points points
12502,-19.30277,146.73883,2014-2015,n/a,n/a,Australian Museum,Townsville,Removed to retain only populations from main Australian introduction points points
12503,-19.30277,146.73883,2014-2015,n/a,n/a,Australian Museum,Townsville,Removed to retain only populations from main Australian introduction points points
12601,-33.86817,150.6438,2014-2015,n/a,n/a,Australian Museum,Wallacia,Removed to retain only populations from main Australian introduction points points
12603,-33.86817,150.6438,2014-2015,n/a,n/a,Australian Museum,Wallacia,Removed to retain only populations from main Australian introduction points points
12604,-33.86817,150.6438,2014-2015,n/a,n/a,Australian Museum,Wallacia,Removed to retain only populations from main Australian introduction points points
12605,-33.86817,150.6438,2014-2015,n/a,n/a,Australian Museum,Wallacia,Removed to retain only populations from main Australian introduction points points
12606,-33.86817,150.6438,2014-2015,n/a,n/a,Australian Museum,Wallacia,Removed to retain only populations from main Australian introduction points points
12607,-33.86817,150.6438,2014-2015,n/a,n/a,Australian Museum,Wallacia,Removed to retain only populations from main Australian introduction points points
12608,-33.86817,150.6438,2014-2015,n/a,n/a,Australian Museum,Wallacia,Removed to retain only populations from main Australian introduction points points
12609,-33.86817,150.6438,2014-2015,n/a,n/a,Australian Museum,Wallacia,Removed to retain only populations from main Australian introduction points points
12610,-33.86817,150.6438,2014-2015,n/a,n/a,Australian Museum,Wallacia,Removed to retain only populations from main Australian introduction points points
12701,-33.8704,151.16208,2014-2015,Sydney,AUS: Sydney,Australian Museum,Sydney,
12702,-33.8704,151.16208,2014-2015,Sydney,AUS: Sydney,Australian Museum,Sydney,
12703,-33.8704,151.16208,2014-2015,Sydney,AUS: Sydney,Australian Museum,Sydney,
12704,-33.89137,151.20602,2014-2015,Sydney,AUS: Sydney,Australian Museum,Sydney,
12705,-33.89137,151.20602,2014-2015,Sydney,AUS: Sydney,Australian Museum,Sydney,
12706,-33.89137,151.20602,2014-2015,Sydney,AUS: Sydney,Australian Museum,Sydney,
12707,-33.88339,151.18452,2014-2015,Sydney,AUS: Sydney,Australian Museum,Sydney,
12708,-33.88339,151.18452,2014-2015,Sydney,AUS: Sydney,Australian Museum,Sydney,
12709,-33.88339,151.18452,2014-2015,Sydney,AUS: Sydney,Australian Museum,Sydney,
12710,-33.88339,151.18452,2014-2015,Sydney,AUS: Sydney,Australian Museum,Sydney,
12711,-33.88339,151.18452,2014-2015,Sydney,AUS: Sydney,Australian Museum,Sydney,
12712,-33.90256,151.18624,2014-2015,Sydney,AUS: Sydney,Australian Museum,Sydney,
12713,-33.8704,151.16208,2014-2015,Sydney,AUS: Sydney,Australian Museum,Sydney,
12714,-33.8704,151.16208,2014-2015,Sydney,AUS: Sydney,Australian Museum,Sydney,
12715,-33.8704,151.16208,2014-2015,Sydney,AUS: Sydney,Australian Museum,Sydney,
12716,-33.8704,151.16208,2014-2015,Sydney,AUS: Sydney,Australian Museum,Sydney,
12717,-33.8704,151.16208,2014-2015,Sydney,AUS: Sydney,Australian Museum,Sydney,
12718,-33.88339,151.18452,2014-2015,Sydney,AUS: Sydney,Australian Museum,Sydney,Filtered out due to outlier inbreeding coefficients and heterozygousity levels.
12719,-33.88339,151.18452,2014-2015,Sydney,AUS: Sydney,Australian Museum,Sydney,Filtered out due to outlier inbreeding coefficients and heterozygousity levels.
12720,-33.88339,151.18452,2014-2015,Sydney,AUS: Sydney,Australian Museum,Sydney,
12721,-33.88339,151.18452,2014-2015,Sydney,AUS: Sydney,Australian Museum,Sydney,
12722,-33.88339,151.18452,2014-2015,Sydney,AUS: Sydney,Australian Museum,Sydney,
12723,-33.88339,151.18452,2014-2015,Sydney,AUS: Sydney,Australian Museum,Sydney,
12724,-33.88339,151.18452,2014-2015,Sydney,AUS: Sydney,Australian Museum,Sydney,
12725,-33.88339,151.18452,2014-2015,Sydney,AUS: Sydney,Australian Museum,Sydney,
12726,-33.883353,151.185714,2014-2015,Sydney,AUS: Sydney,Australian Museum,Sydney,
12727,-33.883353,151.185714,2014-2015,Sydney,AUS: Sydney,Australian Museum,Sydney,
12728,-33.8704,151.16208,2014-2015,Sydney,AUS: Sydney,Australian Museum,Sydney,
12729,-33.8704,151.16208,2014-2015,Sydney,AUS: Sydney,Australian Museum,Sydney,
12730,-33.89237,151.20677,2014-2015,Sydney,AUS: Sydney,Australian Museum,Sydney,
12734,-33.90256,151.18624,2014-2015,Sydney,AUS: Sydney,Australian Museum,Sydney,
12735,-33.90256,151.18624,2014-2015,Sydney,AUS: Sydney,Australian Museum,Sydney,
12736,-33.90256,151.18624,2014-2015,Sydney,AUS: Sydney,Australian Museum,Sydney,
12739,-33.88964,151.23123,2014-2015,Sydney,AUS: Sydney,Australian Museum,Sydney,
12740,-33.89237,151.20677,2014-2015,Sydney,AUS: Sydney,Australian Museum,Sydney,
12741,-33.89237,151.20677,2014-2015,Sydney,AUS: Sydney,Australian Museum,Sydney,
12902,-31.8156,152.3041,2014-2015,n/a,n/a,Australian Museum,Marlee,Removed to retain only populations from main Australian introduction points points
12904,-31.8156,152.3041,2014-2015,n/a,n/a,Australian Museum,Marlee,Removed to retain only populations from main Australian introduction points points
12905,-31.8156,152.3041,2014-2015,n/a,n/a,Australian Museum,Marlee,Removed to retain only populations from main Australian introduction points points
13001,-32.008,151.958,2014-2015,n/a,n/a,Australian Museum,Gloucester,Removed to retain only populations from main Australian introduction points points
13002,-32.052,152.262,2014-2015,n/a,n/a,Australian Museum,Krambach,Removed to retain only populations from main Australian introduction points points
13004,-32.052,152.262,2014-2015,n/a,n/a,Australian Museum,Krambach,Removed to retain only populations from main Australian introduction points points
13005,-32.008,151.958,2014-2015,n/a,n/a,Australian Museum,Gloucester,Removed to retain only populations from main Australian introduction points points
13006,-32.924,151.729,2014-2015,n/a,n/a,Australian Museum,Newcastle,Removed to retain only populations from main Australian introduction points points
13008,-32.008,151.958,2014-2015,n/a,n/a,Australian Museum,Gloucester,Removed to retain only populations from main Australian introduction points points
13009,-32.898,151.737,2014-2015,n/a,n/a,Australian Museum,Newcastle,Removed to retain only populations from main Australian introduction points points
13010,-32.008,151.958,2014-2015,n/a,n/a,Australian Museum,Gloucester,Removed to retain only populations from main Australian introduction points points
13011,-32.924,151.729,2014-2015,n/a,n/a,Australian Museum,Newcastle,Removed to retain only populations from main Australian introduction points points
13012,-32.903,151.691,2014-2015,n/a,n/a,Australian Museum,Newcastle,Removed to retain only populations from main Australian introduction points points
13013,-32.924,151.729,2014-2015,n/a,n/a,Australian Museum,Newcastle,Removed to retain only populations from main Australian introduction points points
13014,-32.903,151.691,2014-2015,n/a,n/a,Australian Museum,Newcastle,Removed to retain only populations from main Australian introduction points points
13015,-32.898,151.737,2014-2015,n/a,n/a,Australian Museum,Newcastle,Removed to retain only populations from main Australian introduction points points
13016,-32.898,151.737,2014-2015,n/a,n/a,Australian Museum,Newcastle,Removed to retain only populations from main Australian introduction points points
13017,-32.898,151.737,2014-2015,n/a,n/a,Australian Museum,Newcastle,Removed to retain only populations from main Australian introduction points points
13018,-32.898,151.737,2014-2015,n/a,n/a,Australian Museum,Newcastle,Removed to retain only populations from main Australian introduction points points
13019,-32.898,151.737,2014-2015,n/a,n/a,Australian Museum,Newcastle,Removed to retain only populations from main Australian introduction points points
13020,-32.898,151.737,2014-2015,n/a,n/a,Australian Museum,Newcastle,Removed to retain only populations from main Australian introduction points points
13023,-32.788,151.903,2014-2015,n/a,n/a,Australian Museum,Williamtown,Removed to retain only populations from main Australian introduction points points
13024,-32.808,151.851,2014-2015,n/a,n/a,Australian Museum,Williamtown,Removed to retain only populations from main Australian introduction points points
13025,-32.808,151.851,2014-2015,n/a,n/a,Australian Museum,Williamtown,Removed to retain only populations from main Australian introduction points points
13026,-32.808,151.851,2014-2015,n/a,n/a,Australian Museum,Williamtown,Removed to retain only populations from main Australian introduction points points
13028,-32.808,151.851,2014-2015,n/a,n/a,Australian Museum,Williamtown,Removed to retain only populations from main Australian introduction points points
13029,-32.808,151.851,2014-2015,n/a,n/a,Australian Museum,Williamtown,Removed to retain only populations from main Australian introduction points points
13031,-32.808,151.851,2014-2015,n/a,n/a,Australian Museum,Williamtown,Removed to retain only populations from main Australian introduction points points
13033,-32.808,151.851,2014-2015,n/a,n/a,Australian Museum,Williamtown,Removed to retain only populations from main Australian introduction points points
13034,-32.808,151.851,2014-2015,n/a,n/a,Australian Museum,Williamtown,Removed to retain only populations from main Australian introduction points points
13035,-32.808,151.851,2014-2015,n/a,n/a,Australian Museum,Williamtown,Removed to retain only populations from main Australian introduction points points
13038,-32.808,151.851,2014-2015,n/a,n/a,Australian Museum,Williamtown,Removed to retain only populations from main Australian introduction points points
13039,-32.808,151.851,2014-2015,n/a,n/a,Australian Museum,Williamtown,Removed to retain only populations from main Australian introduction points points
13040,-32.808,151.851,2014-2015,n/a,n/a,Australian Museum,Williamtown,Removed to retain only populations from main Australian introduction points points
13041,-32.903,151.691,2014-2015,n/a,n/a,Australian Museum,Newcastle,Removed to retain only populations from main Australian introduction points points
13042,-32.808,151.851,2014-2015,n/a,n/a,Australian Museum,Williamtown,Removed to retain only populations from main Australian introduction points points
13043,-32.808,151.851,2014-2015,n/a,n/a,Australian Museum,Williamtown,Removed to retain only populations from main Australian introduction points points
13044,-32.898,151.737,2014-2015,n/a,n/a,Australian Museum,Newcastle,Removed to retain only populations from main Australian introduction points points
13045,-32.903,151.691,2014-2015,n/a,n/a,Australian Museum,Newcastle,Removed to retain only populations from main Australian introduction points points
13046,-32.924,151.729,2014-2015,n/a,n/a,Australian Museum,Newcastle,Removed to retain only populations from main Australian introduction points points
13047,-32.924,151.729,2014-2015,n/a,n/a,Australian Museum,Newcastle,Removed to retain only populations from main Australian introduction points points
13048,-32.903,151.691,2014-2015,n/a,n/a,Australian Museum,Newcastle,Removed to retain only populations from main Australian introduction points points
13049,-32.924,151.729,2014-2015,n/a,n/a,Australian Museum,Newcastle,Removed to retain only populations from main Australian introduction points points
13050,-32.924,151.729,2014-2015,n/a,n/a,Australian Museum,Newcastle,Removed to retain only populations from main Australian introduction points points
13051,-32.808,151.851,2014-2015,n/a,n/a,Australian Museum,Williamtown,Removed to retain only populations from main Australian introduction points points
13052,-32.788,151.903,2014-2015,n/a,n/a,Australian Museum,Williamtown,Removed to retain only populations from main Australian introduction points points
13053,-32.808,151.851,2014-2015,n/a,n/a,Australian Museum,Williamtown,Removed to retain only populations from main Australian introduction points points
13058,-32.788,151.903,2014-2015,n/a,n/a,Australian Museum,Williamtown,Removed to retain only populations from main Australian introduction points points
13062,-32.008,151.958,2014-2015,n/a,n/a,Australian Museum,Gloucester,Removed to retain only populations from main Australian introduction points points
13063,-32.008,151.958,2014-2015,n/a,n/a,Australian Museum,Gloucester,Removed to retain only populations from main Australian introduction points points
13065,-32.808,151.851,2014-2015,n/a,n/a,Australian Museum,Williamtown,Removed to retain only populations from main Australian introduction points points
13101,-19.25,146.81,2014-2015,n/a,n/a,Australian Museum,Townsville,Removed to retain only populations from main Australian introduction points points
13102,-19.25,146.81,2014-2015,n/a,n/a,Australian Museum,Townsville,Removed to retain only populations from main Australian introduction points points
13103,-19.25,146.81,2014-2015,n/a,n/a,Australian Museum,Townsville,Removed to retain only populations from main Australian introduction points points
13104,-19.25,146.81,2014-2015,n/a,n/a,Australian Museum,Townsville,Removed to retain only populations from main Australian introduction points points
13105,n/a,n/a,2014-2015,n/a,n/a,Australian Museum,Australia (unknown),Removed to retain only populations from main Australian introduction points points
13106,-19.25,146.81,2014-2015,n/a,n/a,Australian Museum,Townsville,Removed to retain only populations from main Australian introduction points points
13107,-19.25,146.81,2014-2015,n/a,n/a,Australian Museum,Townsville,Removed to retain only populations from main Australian introduction points points
13108,n/a,n/a,2014-2015,n/a,n/a,Australian Museum,Australia (unknown),Removed to retain only populations from main Australian introduction points points
91701,-35.170151,149.151077,2014-2015,n/a,n/a,Australian Museum,Canberra,Removed to retain only populations from main Australian introduction points points
91705,-35.170151,149.151077,2014-2015,n/a,n/a,Australian Museum,Canberra,Removed to retain only populations from main Australian introduction points points
91708,-35.240849,149.149618,2014-2015,n/a,n/a,Australian Museum,Canberra,Removed to retain only populations from main Australian introduction points points
91712,-35.169435,149.065408,2014-2015,n/a,n/a,Australian Museum,Canberra,Removed to retain only populations from main Australian introduction points points
91716,-35.165801,149.066636,2014-2015,n/a,n/a,Australian Museum,Canberra,Removed to retain only populations from main Australian introduction points points
91719,-35.17733,149.074997,2014-2015,n/a,n/a,Australian Museum,Canberra,Removed to retain only populations from main Australian introduction points points
91721,-35.173247,149.10673,2014-2015,n/a,n/a,Australian Museum,Canberra,Removed to retain only populations from main Australian introduction points points
91728,-35.173455,149.107809,2014-2015,n/a,n/a,Australian Museum,Canberra,Removed to retain only populations from main Australian introduction points points
91730,-35.196686,149.033417,2014-2015,n/a,n/a,Australian Museum,Canberra,Removed to retain only populations from main Australian introduction points points
91732,-35.25953,149.063175,2014-2015,n/a,n/a,Australian Museum,Canberra,Removed to retain only populations from main Australian introduction points points
91735,-35.240206,149.057708,2014-2015,n/a,n/a,Australian Museum,Canberra,Removed to retain only populations from main Australian introduction points points
91737,-35.379345,149.117218,2014-2015,n/a,n/a,Australian Museum,Canberra,Removed to retain only populations from main Australian introduction points points
91738,-35.196686,149.033417,2014-2015,n/a,n/a,Australian Museum,Canberra,Removed to retain only populations from main Australian introduction points points
91741,-35.20446,149.058182,2014-2015,n/a,n/a,Australian Museum,Canberra,Removed to retain only populations from main Australian introduction points points
91742,-35.198745,149.037165,2014-2015,n/a,n/a,Australian Museum,Canberra,Removed to retain only populations from main Australian introduction points points
91743,-35.394543,149.112869,2014-2015,n/a,n/a,Australian Museum,Canberra,Removed to retain only populations from main Australian introduction points points
91746,-35.39455,149.112213,2014-2015,n/a,n/a,Australian Museum,Canberra,Removed to retain only populations from main Australian introduction points points
10803-B,-28.84163,153.28604,2014-2015,n/a,n/a,Australian Museum,Lismore,Removed to retain only populations from main Australian introduction points points
10809-B,-28.84163,153.28604,2014-2015,n/a,n/a,Australian Museum,Lismore,Removed to retain only populations from main Australian introduction points points
11521-B,-28.09,153.43,2014-2015,Gold Coast,AUS: Gold Coast,Australian Museum,Gold Coast,
11805b,-34.47491,150.42047,2014-2015,n/a,n/a,Australian Museum,Bowral,Removed to retain only populations from main Australian introduction points points
11806b,-34.47491,150.42047,2014-2015,n/a,n/a,Australian Museum,Bowral,Removed to retain only populations from main Australian introduction points points
11809b,-34.47491,150.42047,2014-2015,n/a,n/a,Australian Museum,Bowral,Removed to retain only populations from main Australian introduction points points
11812b,-34.55061,150.36264,2014-2015,n/a,n/a,Australian Museum,Bowral,Removed to retain only populations from main Australian introduction points points
12001-B,-28.89196,153.56994,2014-2015,n/a,n/a,Australian Museum,Lismore,Removed to retain only populations from main Australian introduction points points
12301-B,-28.57386,150.7547,2014-2015,n/a,n/a,Australian Museum,Yelarbon,Removed to retain only populations from main Australian introduction points points
12305-B,-28.57386,150.7547,2014-2015,n/a,n/a,Australian Museum,Yelarbon,Removed to retain only populations from main Australian introduction points points
12306-B,-28.57386,150.7547,2014-2015,n/a,n/a,Australian Museum,Yelarbon,Removed to retain only populations from main Australian introduction points points
12308-B,-28.57386,150.7547,2014-2015,n/a,n/a,Australian Museum,Yelarbon,Removed to retain only populations from main Australian introduction points points
12328-B,-28.43019,151.08518,2014-2015,n/a,n/a,Australian Museum,Inglewood,Removed to retain only populations from main Australian introduction points points
12330-B,-28.43019,151.08518,2014-2015,n/a,n/a,Australian Museum,Inglewood,Removed to retain only populations from main Australian introduction points points
12341-B,-28.85229,151.17361,2014-2015,n/a,n/a,Australian Museum,Texas,Removed to retain only populations from main Australian introduction points points
12342-B,-28.85229,151.17361,2014-2015,n/a,n/a,Australian Museum,Texas,Removed to retain only populations from main Australian introduction points points
12345-B,-28.85229,151.17361,2014-2015,n/a,n/a,Australian Museum,Texas,Removed to retain only populations from main Australian introduction points points
12346-B,-28.85229,151.17361,2014-2015,n/a,n/a,Australian Museum,Texas,Removed to retain only populations from main Australian introduction points points
12347-B,-28.85229,151.17361,2014-2015,n/a,n/a,Australian Museum,Texas,Removed to retain only populations from main Australian introduction points points
12352-B,-28.85108,151.17032,2014-2015,n/a,n/a,Australian Museum,Texas,Removed to retain only populations from main Australian introduction points points
12602-B,-33.86817,150.6438,2014-2015,n/a,n/a,Australian Museum,Wallacia,Removed to retain only populations from main Australian introduction points points
12701b,-33.8704,151.16208,2014-2015,Sydney,AUS: Sydney,Australian Museum,Sydney,Same individual as sample 12701 (removed)
12702b,-33.8704,151.16208,2014-2015,Sydney,AUS: Sydney,Australian Museum,Sydney,Same individual as sample 12702 (removed)
12703b,-33.8704,151.16208,2014-2015,Sydney,AUS: Sydney,Australian Museum,Sydney,Same individual as sample 12703 (removed)
12704b,-33.89137,151.20602,2014-2015,Sydney,AUS: Sydney,Australian Museum,Sydney,Same individual as sample 12704 (removed)
12705b,-33.89137,151.20602,2014-2015,Sydney,AUS: Sydney,Australian Museum,Sydney,Same individual as sample 12705 (removed)
12706b,-33.89137,151.20602,2014-2015,Sydney,AUS: Sydney,Australian Museum,Sydney,Same individual as sample 12706 (removed)
12707b,-33.88339,151.18452,2014-2015,Sydney,AUS: Sydney,Australian Museum,Sydney,Same individual as sample 12707 (removed)
12708b,-33.88339,151.18452,2014-2015,Sydney,AUS: Sydney,Australian Museum,Sydney,Same individual as sample 12708 (removed)
12709b,-33.88339,151.18452,2014-2015,Sydney,AUS: Sydney,Australian Museum,Sydney,Same individual as sample 12709 (removed)
12710b,-33.88339,151.18452,2014-2015,Sydney,AUS: Sydney,Australian Museum,Sydney,Same individual as sample 12710 (removed)
12711b,-33.88339,151.18452,2014-2015,Sydney,AUS: Sydney,Australian Museum,Sydney,Same individual as sample 12711 (removed)
12712b,-33.90256,151.18624,2014-2015,Sydney,AUS: Sydney,Australian Museum,Sydney,Same individual as sample 12712 (removed)
12713b,-33.8704,151.16208,2014-2015,Sydney,AUS: Sydney,Australian Museum,Sydney,Same individual as sample 12713 (removed)
12714b,-33.8704,151.16208,2014-2015,Sydney,AUS: Sydney,Australian Museum,Sydney,Same individual as sample 12714 (removed)
12901-B,-31.8156,152.3041,2014-2015,n/a,n/a,Australian Museum,Marlee,Removed to retain only populations from main Australian introduction points points
